ID,Source,Destination,Target,Type,Delivered,Search_Path_Length,Connection_Path_Length,Search_Path,Connection_Path
2002,2,2,0.901112,class peersim.dht.message.OneWayPingMessage,false,8,0,3>8>2>0>2>0>2>0>2,2
2003,1,9,0.433910,class peersim.dht.message.OneWayPingMessage,true,1,1,1>9,1>9
2004,3,6,0.514105,class peersim.dht.message.OneWayPingMessage,true,2,2,3>8>6,3>8>6
2005,4,1,0.975288,class peersim.dht.message.OneWayPingMessage,true,1,1,4>1,4>1
2006,7,5,0.244975,class peersim.dht.message.OneWayPingMessage,true,1,1,7>5,7>5
2007,0,7,0.163455,class peersim.dht.message.OneWayPingMessage,true,2,2,0>5>7,0>5>7
2008,9,9,0.433910,class peersim.dht.message.OneWayPingMessage,true,0,0,9,9
2009,6,4,0.901112,class peersim.dht.message.OneWayPingMessage,true,1,1,6>4,6>4
2010,0,5,0.244975,class peersim.dht.message.OneWayPingMessage,true,1,1,0>5,0>5
2011,0,0,0.901112,class peersim.dht.message.OneWayPingMessage,false,6,0,8>2>0>2>0>2>0,0
2012,2,2,0.901112,class peersim.dht.message.OneWayPingMessage,false,4,0,2>0>2>0>2,2
2013,8,8,0.433910,class peersim.dht.message.OneWayPingMessage,false,6,0,4>6>8>6>8>6>8,8
2014,7,3,0.149654,class peersim.dht.message.OneWayPingMessage,true,1,1,7>3,7>3
2015,4,1,0.975288,class peersim.dht.message.OneWayPingMessage,true,1,1,4>1,4>1
2016,6,6,0.433910,class peersim.dht.message.OneWayPingMessage,false,6,0,2>8>6>8>6>8>6,6
2017,3,6,0.514105,class peersim.dht.message.OneWayPingMessage,true,2,2,3>8>6,3>8>6
2018,0,1,0.975288,class peersim.dht.message.OneWayPingMessage,true,1,1,0>1,0>1
2019,3,1,0.975288,class peersim.dht.message.OneWayPingMessage,true,4,4,3>8>2>0>1,3>8>2>0>1
2020,8,1,0.975288,class peersim.dht.message.OneWayPingMessage,true,3,3,8>2>0>1,8>2>0>1
2021,3,7,0.163455,class peersim.dht.message.OneWayPingMessage,true,1,1,3>7,3>7
2022,6,6,0.514105,class peersim.dht.message.OneWayPingMessage,true,0,0,6,6
2023,3,8,0.580265,class peersim.dht.message.OneWayPingMessage,true,1,1,3>8,3>8
2024,4,4,0.945257,class peersim.dht.message.OneWayPingMessage,false,6,0,7>1>4>1>4>1>4,4
2025,8,7,0.163455,class peersim.dht.message.OneWayPingMessage,true,1,1,8>7,8>7
2026,4,4,0.945257,class peersim.dht.message.OneWayPingMessage,false,4,0,4>1>4>1>4,4
2027,9,9,0.514105,class peersim.dht.message.OneWayPingMessage,false,6,0,5>0>9>0>9>0>9,9
2028,2,6,0.514105,class peersim.dht.message.OneWayPingMessage,true,2,2,2>8>6,2>8>6
2029,6,8,0.580265,class peersim.dht.message.OneWayPingMessage,true,1,1,6>8,6>8
2030,6,8,0.580265,class peersim.dht.message.OneWayPingMessage,true,1,1,6>8,6>8
2031,8,3,0.149654,class peersim.dht.message.OneWayPingMessage,true,1,1,8>3,8>3
2032,0,0,0.514105,class peersim.dht.message.OneWayPingMessage,false,4,0,0>9>0>9>0,0
2033,1,4,0.901112,class peersim.dht.message.OneWayPingMessage,true,1,1,1>4,1>4
2034,7,8,0.580265,class peersim.dht.message.OneWayPingMessage,true,1,1,7>8,7>8
2035,7,5,0.244975,class peersim.dht.message.OneWayPingMessage,true,1,1,7>5,7>5
2036,8,8,0.718222,class peersim.dht.message.OneWayPingMessage,false,4,0,8>6>8>6>8,8
2037,0,5,0.244975,class peersim.dht.message.OneWayPingMessage,true,1,1,0>5,0>5
2038,1,7,0.163455,class peersim.dht.message.OneWayPingMessage,true,1,1,1>7,1>7
2039,8,5,0.244975,class peersim.dht.message.OneWayPingMessage,true,2,2,8>7>5,8>7>5
2040,6,1,0.975288,class peersim.dht.message.OneWayPingMessage,true,1,1,6>1,6>1
2041,9,9,0.514105,class peersim.dht.message.OneWayPingMessage,false,6,0,5>0>9>0>9>0>9,9
2042,3,2,0.945257,class peersim.dht.message.OneWayPingMessage,true,2,2,3>8>2,3>8>2
2043,5,5,0.244975,class peersim.dht.message.OneWayPingMessage,true,0,0,5,5
2044,5,0,0.718222,class peersim.dht.message.OneWayPingMessage,true,1,1,5>0,5>0
2045,8,6,0.514105,class peersim.dht.message.OneWayPingMessage,true,1,1,8>6,8>6
2046,2,8,0.580265,class peersim.dht.message.OneWayPingMessage,true,1,1,2>8,2>8
2047,0,2,0.945257,class peersim.dht.message.OneWayPingMessage,true,1,1,0>2,0>2
2048,9,9,0.514105,class peersim.dht.message.OneWayPingMessage,false,4,0,9>0>9>0>9,9
2049,6,4,0.901112,class peersim.dht.message.OneWayPingMessage,true,1,1,6>4,6>4
2050,3,3,0.149654,class peersim.dht.message.OneWayPingMessage,true,0,0,3,3
2051,1,1,0.975288,class peersim.dht.message.OneWayPingMessage,true,0,0,1,1
2052,6,6,0.718222,class peersim.dht.message.OneWayPingMessage,false,6,0,7>8>6>8>6>8>6,6
2053,4,6,0.514105,class peersim.dht.message.OneWayPingMessage,true,1,1,4>6,4>6
2054,7,8,0.580265,class peersim.dht.message.OneWayPingMessage,true,1,1,7>8,7>8
2055,2,2,0.901112,class peersim.dht.message.OneWayPingMessage,false,8,0,3>8>2>0>2>0>2>0>2,2
2056,8,8,0.718222,class peersim.dht.message.OneWayPingMessage,false,4,0,8>6>8>6>8,8
2057,4,4,0.945257,class peersim.dht.message.OneWayPingMessage,false,6,0,9>1>4>1>4>1>4,4
2058,8,6,0.514105,class peersim.dht.message.OneWayPingMessage,true,1,1,8>6,8>6
2059,6,5,0.244975,class peersim.dht.message.OneWayPingMessage,true,3,3,6>8>7>5,6>8>7>5
2060,2,6,0.514105,class peersim.dht.message.OneWayPingMessage,true,2,2,2>8>6,2>8>6
2061,4,4,0.945257,class peersim.dht.message.OneWayPingMessage,false,6,0,6>1>4>1>4>1>4,4
2062,7,4,0.901112,class peersim.dht.message.OneWayPingMessage,true,2,2,7>1>4,7>1>4
2063,9,1,0.975288,class peersim.dht.message.OneWayPingMessage,true,1,1,9>1,9>1
2064,1,3,0.149654,class peersim.dht.message.OneWayPingMessage,true,2,2,1>7>3,1>7>3
2065,4,4,0.945257,class peersim.dht.message.OneWayPingMessage,false,6,0,5>1>4>1>4>1>4,4
2066,4,4,0.945257,class peersim.dht.message.OneWayPingMessage,false,6,0,5>1>4>1>4>1>4,4
2067,8,8,0.718222,class peersim.dht.message.OneWayPingMessage,false,4,0,8>6>8>6>8,8
2068,3,1,0.975288,class peersim.dht.message.OneWayPingMessage,true,4,4,3>8>2>0>1,3>8>2>0>1
2069,2,8,0.580265,class peersim.dht.message.OneWayPingMessage,true,1,1,2>8,2>8
2070,0,2,0.945257,class peersim.dht.message.OneWayPingMessage,true,1,1,0>2,0>2
2071,1,0,0.718222,class peersim.dht.message.OneWayPingMessage,true,1,1,1>0,1>0
2072,7,7,0.163455,class peersim.dht.message.OneWayPingMessage,true,0,0,7,7
2073,2,2,0.901112,class peersim.dht.message.OneWayPingMessage,false,8,0,3>8>2>0>2>0>2>0>2,2
2074,8,8,0.433910,class peersim.dht.message.OneWayPingMessage,false,4,0,8>6>8>6>8,8
2075,2,1,0.975288,class peersim.dht.message.OneWayPingMessage,true,2,2,2>0>1,2>0>1
2076,4,3,0.149654,class peersim.dht.message.OneWayPingMessage,true,3,3,4>6>8>3,4>6>8>3
2077,0,0,0.718222,class peersim.dht.message.OneWayPingMessage,true,0,0,0,0
2078,4,5,0.244975,class peersim.dht.message.OneWayPingMessage,true,4,4,4>6>8>7>5,4>6>8>7>5
2079,4,8,0.580265,class peersim.dht.message.OneWayPingMessage,true,2,2,4>6>8,4>6>8
2080,6,6,0.514105,class peersim.dht.message.OneWayPingMessage,true,0,0,6,6
2081,2,1,0.975288,class peersim.dht.message.OneWayPingMessage,true,2,2,2>0>1,2>0>1
2082,4,4,0.901112,class peersim.dht.message.OneWayPingMessage,true,0,0,4,4
2083,9,9,0.514105,class peersim.dht.message.OneWayPingMessage,false,4,0,9>0>9>0>9,9
2084,1,0,0.718222,class peersim.dht.message.OneWayPingMessage,true,1,1,1>0,1>0
2085,4,4,0.945257,class peersim.dht.message.OneWayPingMessage,false,6,0,6>1>4>1>4>1>4,4
2086,6,6,0.514105,class peersim.dht.message.OneWayPingMessage,true,0,0,6,6
2087,2,2,0.901112,class peersim.dht.message.OneWayPingMessage,false,8,0,3>8>2>0>2>0>2>0>2,2
2088,6,6,0.433910,class peersim.dht.message.OneWayPingMessage,false,4,0,6>8>6>8>6,6
2089,4,1,0.975288,class peersim.dht.message.OneWayPingMessage,true,1,1,4>1,4>1
2090,4,8,0.580265,class peersim.dht.message.OneWayPingMessage,true,2,2,4>6>8,4>6>8
2091,5,3,0.149654,class peersim.dht.message.OneWayPingMessage,true,2,2,5>7>3,5>7>3
2092,5,7,0.163455,class peersim.dht.message.OneWayPingMessage,true,1,1,5>7,5>7
2093,8,2,0.945257,class peersim.dht.message.OneWayPingMessage,true,1,1,8>2,8>2
2094,0,5,0.244975,class peersim.dht.message.OneWayPingMessage,true,1,1,0>5,0>5
2095,0,2,0.945257,class peersim.dht.message.OneWayPingMessage,true,1,1,0>2,0>2
2096,8,5,0.244975,class peersim.dht.message.OneWayPingMessage,true,2,2,8>7>5,8>7>5
2097,0,7,0.163455,class peersim.dht.message.OneWayPingMessage,true,2,2,0>5>7,0>5>7
2098,9,9,0.580265,class peersim.dht.message.OneWayPingMessage,false,6,0,5>0>9>0>9>0>9,9
2099,5,0,0.718222,class peersim.dht.message.OneWayPingMessage,true,1,1,5>0,5>0
2100,3,2,0.945257,class peersim.dht.message.OneWayPingMessage,true,2,2,3>8>2,3>8>2
2101,5,3,0.149654,class peersim.dht.message.OneWayPingMessage,true,2,2,5>7>3,5>7>3
2102,6,3,0.149654,class peersim.dht.message.OneWayPingMessage,true,2,2,6>8>3,6>8>3
2103,7,4,0.901112,class peersim.dht.message.OneWayPingMessage,true,2,2,7>1>4,7>1>4
2104,5,0,0.718222,class peersim.dht.message.OneWayPingMessage,true,1,1,5>0,5>0
2105,5,4,0.901112,class peersim.dht.message.OneWayPingMessage,true,2,2,5>1>4,5>1>4
2106,0,3,0.149654,class peersim.dht.message.OneWayPingMessage,true,3,3,0>5>7>3,0>5>7>3
2107,1,8,0.580265,class peersim.dht.message.OneWayPingMessage,true,2,2,1>6>8,1>6>8
2108,2,2,0.945257,class peersim.dht.message.OneWayPingMessage,true,0,0,2,2
2109,6,6,0.433910,class peersim.dht.message.OneWayPingMessage,false,6,0,7>8>6>8>6>8>6,6
2110,9,9,0.514105,class peersim.dht.message.OneWayPingMessage,false,6,0,5>0>9>0>9>0>9,9
2111,4,4,0.901112,class peersim.dht.message.OneWayPingMessage,true,0,0,4,4
2112,7,7,0.163455,class peersim.dht.message.OneWayPingMessage,true,0,0,7,7
2113,1,3,0.149654,class peersim.dht.message.OneWayPingMessage,true,2,2,1>7>3,1>7>3
2114,1,1,0.975288,class peersim.dht.message.OneWayPingMessage,true,0,0,1,1
2115,1,1,0.975288,class peersim.dht.message.OneWayPingMessage,true,0,0,1,1
2116,6,4,0.901112,class peersim.dht.message.OneWayPingMessage,true,1,1,6>4,6>4
2117,4,3,0.149654,class peersim.dht.message.OneWayPingMessage,true,3,3,4>6>8>3,4>6>8>3
2118,9,3,0.149654,class peersim.dht.message.OneWayPingMessage,true,4,4,9>0>5>7>3,9>0>5>7>3
2119,9,9,0.514105,class peersim.dht.message.OneWayPingMessage,false,6,0,5>0>9>0>9>0>9,9
2120,0,0,0.580265,class peersim.dht.message.OneWayPingMessage,false,4,0,0>9>0>9>0,0
2121,2,0,0.718222,class peersim.dht.message.OneWayPingMessage,true,1,1,2>0,2>0
2122,9,9,0.514105,class peersim.dht.message.OneWayPingMessage,false,4,0,9>0>9>0>9,9
2123,6,6,0.433910,class peersim.dht.message.OneWayPingMessage,false,4,0,6>8>6>8>6,6
2124,2,6,0.514105,class peersim.dht.message.OneWayPingMessage,true,2,2,2>8>6,2>8>6
2125,4,3,0.149654,class peersim.dht.message.OneWayPingMessage,true,3,3,4>6>8>3,4>6>8>3
2126,1,4,0.901112,class peersim.dht.message.OneWayPingMessage,true,1,1,1>4,1>4
2127,1,6,0.514105,class peersim.dht.message.OneWayPingMessage,true,1,1,1>6,1>6
2128,6,6,0.433910,class peersim.dht.message.OneWayPingMessage,false,6,0,3>8>6>8>6>8>6,6
2129,0,0,0.718222,class peersim.dht.message.OneWayPingMessage,true,0,0,0,0
2130,0,3,0.149654,class peersim.dht.message.OneWayPingMessage,true,3,3,0>5>7>3,0>5>7>3
2131,6,6,0.718222,class peersim.dht.message.OneWayPingMessage,false,6,0,3>8>6>8>6>8>6,6
2132,2,0,0.718222,class peersim.dht.message.OneWayPingMessage,true,1,1,2>0,2>0
2133,8,7,0.163455,class peersim.dht.message.OneWayPingMessage,true,1,1,8>7,8>7
2134,4,4,0.945257,class peersim.dht.message.OneWayPingMessage,false,6,0,9>1>4>1>4>1>4,4
2135,5,5,0.244975,class peersim.dht.message.OneWayPingMessage,true,0,0,5,5
2136,5,5,0.244975,class peersim.dht.message.OneWayPingMessage,true,0,0,5,5
2137,1,6,0.514105,class peersim.dht.message.OneWayPingMessage,true,1,1,1>6,1>6
2138,2,2,0.901112,class peersim.dht.message.OneWayPingMessage,false,8,0,3>8>2>0>2>0>2>0>2,2
2139,0,7,0.163455,class peersim.dht.message.OneWayPingMessage,true,2,2,0>5>7,0>5>7
2140,9,9,0.580265,class peersim.dht.message.OneWayPingMessage,false,4,0,9>0>9>0>9,9
2141,8,8,0.433910,class peersim.dht.message.OneWayPingMessage,false,6,0,4>6>8>6>8>6>8,8
2142,8,8,0.580265,class peersim.dht.message.OneWayPingMessage,true,0,0,8,8
2143,4,3,0.149654,class peersim.dht.message.OneWayPingMessage,true,3,3,4>6>8>3,4>6>8>3
2144,0,5,0.244975,class peersim.dht.message.OneWayPingMessage,true,1,1,0>5,0>5
2145,9,9,0.580265,class peersim.dht.message.OneWayPingMessage,false,6,0,5>0>9>0>9>0>9,9
2146,4,1,0.975288,class peersim.dht.message.OneWayPingMessage,true,1,1,4>1,4>1
2147,6,6,0.718222,class peersim.dht.message.OneWayPingMessage,false,4,0,6>8>6>8>6,6
2148,5,4,0.901112,class peersim.dht.message.OneWayPingMessage,true,2,2,5>1>4,5>1>4
2149,7,6,0.514105,class peersim.dht.message.OneWayPingMessage,true,2,2,7>8>6,7>8>6
2150,1,6,0.514105,class peersim.dht.message.OneWayPingMessage,true,1,1,1>6,1>6
2151,3,2,0.945257,class peersim.dht.message.OneWayPingMessage,true,2,2,3>8>2,3>8>2
2152,4,4,0.945257,class peersim.dht.message.OneWayPingMessage,false,6,0,9>1>4>1>4>1>4,4
2153,8,1,0.975288,class peersim.dht.message.OneWayPingMessage,true,3,3,8>2>0>1,8>2>0>1
2154,9,9,0.580265,class peersim.dht.message.OneWayPingMessage,false,6,0,5>0>9>0>9>0>9,9
2155,9,9,0.580265,class peersim.dht.message.OneWayPingMessage,false,6,0,5>0>9>0>9>0>9,9
2156,4,5,0.244975,class peersim.dht.message.OneWayPingMessage,true,4,4,4>6>8>7>5,4>6>8>7>5
2157,6,6,0.433910,class peersim.dht.message.OneWayPingMessage,false,6,0,3>8>6>8>6>8>6,6
2158,6,6,0.433910,class peersim.dht.message.OneWayPingMessage,false,6,0,3>8>6>8>6>8>6,6
2159,0,0,0.580265,class peersim.dht.message.OneWayPingMessage,false,4,0,0>9>0>9>0,0
2160,8,7,0.163455,class peersim.dht.message.OneWayPingMessage,true,1,1,8>7,8>7
2161,8,8,0.433910,class peersim.dht.message.OneWayPingMessage,false,8,0,5>7>8>6>8>6>8>6>8,8
2162,0,5,0.244975,class peersim.dht.message.OneWayPingMessage,true,1,1,0>5,0>5
2163,2,6,0.514105,class peersim.dht.message.OneWayPingMessage,true,2,2,2>8>6,2>8>6
2164,5,7,0.163455,class peersim.dht.message.OneWayPingMessage,true,1,1,5>7,5>7
2165,6,6,0.433910,class peersim.dht.message.OneWayPingMessage,false,6,0,7>8>6>8>6>8>6,6
2166,6,3,0.149654,class peersim.dht.message.OneWayPingMessage,true,2,2,6>8>3,6>8>3
2167,8,6,0.514105,class peersim.dht.message.OneWayPingMessage,true,1,1,8>6,8>6
2168,6,6,0.433910,class peersim.dht.message.OneWayPingMessage,false,6,0,7>8>6>8>6>8>6,6
2169,5,1,0.975288,class peersim.dht.message.OneWayPingMessage,true,1,1,5>1,5>1
2170,3,1,0.975288,class peersim.dht.message.OneWayPingMessage,true,4,4,3>8>2>0>1,3>8>2>0>1
2171,6,6,0.433910,class peersim.dht.message.OneWayPingMessage,false,6,0,2>8>6>8>6>8>6,6
2172,0,0,0.901112,class peersim.dht.message.OneWayPingMessage,false,4,0,0>2>0>2>0,0
2173,0,2,0.945257,class peersim.dht.message.OneWayPingMessage,true,1,1,0>2,0>2
2174,9,0,0.718222,class peersim.dht.message.OneWayPingMessage,true,1,1,9>0,9>0
2175,7,7,0.163455,class peersim.dht.message.OneWayPingMessage,true,0,0,7,7
2176,9,9,0.580265,class peersim.dht.message.OneWayPingMessage,false,4,0,9>0>9>0>9,9
2177,3,8,0.580265,class peersim.dht.message.OneWayPingMessage,true,1,1,3>8,3>8
2178,4,4,0.945257,class peersim.dht.message.OneWayPingMessage,false,6,0,6>1>4>1>4>1>4,4
2179,0,2,0.945257,class peersim.dht.message.OneWayPingMessage,true,1,1,0>2,0>2
2180,1,9,0.433910,class peersim.dht.message.OneWayPingMessage,true,1,1,1>9,1>9
2181,5,5,0.244975,class peersim.dht.message.OneWayPingMessage,true,0,0,5,5
2182,8,8,0.718222,class peersim.dht.message.OneWayPingMessage,false,4,0,8>6>8>6>8,8
2183,8,7,0.163455,class peersim.dht.message.OneWayPingMessage,true,1,1,8>7,8>7
2184,9,0,0.718222,class peersim.dht.message.OneWayPingMessage,true,1,1,9>0,9>0
2185,6,6,0.433910,class peersim.dht.message.OneWayPingMessage,false,4,0,6>8>6>8>6,6
2186,9,7,0.163455,class peersim.dht.message.OneWayPingMessage,true,3,3,9>0>5>7,9>0>5>7
2187,9,9,0.514105,class peersim.dht.message.OneWayPingMessage,false,4,0,9>0>9>0>9,9
2188,2,7,0.163455,class peersim.dht.message.OneWayPingMessage,true,2,2,2>8>7,2>8>7
2189,0,5,0.244975,class peersim.dht.message.OneWayPingMessage,true,1,1,0>5,0>5
2190,8,8,0.433910,class peersim.dht.message.OneWayPingMessage,false,6,0,4>6>8>6>8>6>8,8
2191,2,1,0.975288,class peersim.dht.message.OneWayPingMessage,true,2,2,2>0>1,2>0>1
2192,9,9,0.433910,class peersim.dht.message.OneWayPingMessage,true,0,0,9,9
2193,2,7,0.163455,class peersim.dht.message.OneWayPingMessage,true,2,2,2>8>7,2>8>7
2194,1,3,0.149654,class peersim.dht.message.OneWayPingMessage,true,2,2,1>7>3,1>7>3
2195,2,0,0.718222,class peersim.dht.message.OneWayPingMessage,true,1,1,2>0,2>0
2196,4,4,0.945257,class peersim.dht.message.OneWayPingMessage,false,6,0,5>1>4>1>4>1>4,4
2197,0,0,0.718222,class peersim.dht.message.OneWayPingMessage,true,0,0,0,0
2198,3,8,0.580265,class peersim.dht.message.OneWayPingMessage,true,1,1,3>8,3>8
2199,6,6,0.718222,class peersim.dht.message.OneWayPingMessage,false,6,0,3>8>6>8>6>8>6,6
2200,6,4,0.901112,class peersim.dht.message.OneWayPingMessage,true,1,1,6>4,6>4
2201,1,9,0.433910,class peersim.dht.message.OneWayPingMessage,true,1,1,1>9,1>9
2202,8,2,0.945257,class peersim.dht.message.OneWayPingMessage,true,1,1,8>2,8>2
2203,4,3,0.149654,class peersim.dht.message.OneWayPingMessage,true,3,3,4>6>8>3,4>6>8>3
2204,0,3,0.149654,class peersim.dht.message.OneWayPingMessage,true,3,3,0>5>7>3,0>5>7>3
2205,9,5,0.244975,class peersim.dht.message.OneWayPingMessage,true,2,2,9>0>5,9>0>5
2206,4,4,0.945257,class peersim.dht.message.OneWayPingMessage,false,6,0,6>1>4>1>4>1>4,4
2207,3,7,0.163455,class peersim.dht.message.OneWayPingMessage,true,1,1,3>7,3>7
2208,2,3,0.149654,class peersim.dht.message.OneWayPingMessage,true,2,2,2>8>3,2>8>3
2209,4,3,0.149654,class peersim.dht.message.OneWayPingMessage,true,3,3,4>6>8>3,4>6>8>3
2210,0,0,0.514105,class peersim.dht.message.OneWayPingMessage,false,4,0,0>9>0>9>0,0
2211,6,3,0.149654,class peersim.dht.message.OneWayPingMessage,true,2,2,6>8>3,6>8>3
2212,0,7,0.163455,class peersim.dht.message.OneWayPingMessage,true,2,2,0>5>7,0>5>7
2213,8,8,0.433910,class peersim.dht.message.OneWayPingMessage,false,6,0,4>6>8>6>8>6>8,8
2214,9,4,0.901112,class peersim.dht.message.OneWayPingMessage,true,2,2,9>1>4,9>1>4
2215,8,8,0.718222,class peersim.dht.message.OneWayPingMessage,false,6,0,4>6>8>6>8>6>8,8
2216,9,5,0.244975,class peersim.dht.message.OneWayPingMessage,true,2,2,9>0>5,9>0>5
2217,2,2,0.945257,class peersim.dht.message.OneWayPingMessage,true,0,0,2,2
2218,6,1,0.975288,class peersim.dht.message.OneWayPingMessage,true,1,1,6>1,6>1
2219,3,3,0.149654,class peersim.dht.message.OneWayPingMessage,true,0,0,3,3
2220,9,1,0.975288,class peersim.dht.message.OneWayPingMessage,true,1,1,9>1,9>1
2221,1,9,0.433910,class peersim.dht.message.OneWayPingMessage,true,1,1,1>9,1>9
2222,4,1,0.975288,class peersim.dht.message.OneWayPingMessage,true,1,1,4>1,4>1
2223,8,8,0.433910,class peersim.dht.message.OneWayPingMessage,false,6,0,4>6>8>6>8>6>8,8
2224,2,1,0.975288,class peersim.dht.message.OneWayPingMessage,true,2,2,2>0>1,2>0>1
2225,0,5,0.244975,class peersim.dht.message.OneWayPingMessage,true,1,1,0>5,0>5
2226,0,5,0.244975,class peersim.dht.message.OneWayPingMessage,true,1,1,0>5,0>5
2227,4,5,0.244975,class peersim.dht.message.OneWayPingMessage,true,4,4,4>6>8>7>5,4>6>8>7>5
2228,0,7,0.163455,class peersim.dht.message.OneWayPingMessage,true,2,2,0>5>7,0>5>7
2229,0,3,0.149654,class peersim.dht.message.OneWayPingMessage,true,3,3,0>5>7>3,0>5>7>3
2230,3,3,0.149654,class peersim.dht.message.OneWayPingMessage,true,0,0,3,3
2231,1,6,0.514105,class peersim.dht.message.OneWayPingMessage,true,1,1,1>6,1>6
2232,3,1,0.975288,class peersim.dht.message.OneWayPingMessage,true,4,4,3>8>2>0>1,3>8>2>0>1
2233,9,9,0.433910,class peersim.dht.message.OneWayPingMessage,true,0,0,9,9
2234,4,8,0.580265,class peersim.dht.message.OneWayPingMessage,true,2,2,4>6>8,4>6>8
2235,7,3,0.149654,class peersim.dht.message.OneWayPingMessage,true,1,1,7>3,7>3
2236,8,8,0.433910,class peersim.dht.message.OneWayPingMessage,false,6,0,4>6>8>6>8>6>8,8
2237,9,9,0.580265,class peersim.dht.message.OneWayPingMessage,false,6,0,5>0>9>0>9>0>9,9
2238,5,5,0.244975,class peersim.dht.message.OneWayPingMessage,true,0,0,5,5
2239,5,5,0.244975,class peersim.dht.message.OneWayPingMessage,true,0,0,5,5
2240,8,3,0.149654,class peersim.dht.message.OneWayPingMessage,true,1,1,8>3,8>3
2241,0,1,0.975288,class peersim.dht.message.OneWayPingMessage,true,1,1,0>1,0>1
2242,4,3,0.149654,class peersim.dht.message.OneWayPingMessage,true,3,3,4>6>8>3,4>6>8>3
2243,8,5,0.244975,class peersim.dht.message.OneWayPingMessage,true,2,2,8>7>5,8>7>5
2244,0,7,0.163455,class peersim.dht.message.OneWayPingMessage,true,2,2,0>5>7,0>5>7
2245,9,0,0.718222,class peersim.dht.message.OneWayPingMessage,true,1,1,9>0,9>0
2246,9,5,0.244975,class peersim.dht.message.OneWayPingMessage,true,2,2,9>0>5,9>0>5
2247,6,6,0.718222,class peersim.dht.message.OneWayPingMessage,false,4,0,6>8>6>8>6,6
2248,9,9,0.580265,class peersim.dht.message.OneWayPingMessage,false,4,0,9>0>9>0>9,9
2249,8,1,0.975288,class peersim.dht.message.OneWayPingMessage,true,3,3,8>2>0>1,8>2>0>1
2250,3,3,0.149654,class peersim.dht.message.OneWayPingMessage,true,0,0,3,3
2251,2,8,0.580265,class peersim.dht.message.OneWayPingMessage,true,1,1,2>8,2>8
2252,0,9,0.433910,class peersim.dht.message.OneWayPingMessage,true,1,1,0>9,0>9
2253,4,4,0.945257,class peersim.dht.message.OneWayPingMessage,false,6,0,9>1>4>1>4>1>4,4
2254,6,6,0.433910,class peersim.dht.message.OneWayPingMessage,false,6,0,7>8>6>8>6>8>6,6
2255,8,1,0.975288,class peersim.dht.message.OneWayPingMessage,true,3,3,8>2>0>1,8>2>0>1
2256,9,9,0.580265,class peersim.dht.message.OneWayPingMessage,false,6,0,5>0>9>0>9>0>9,9
2257,4,4,0.945257,class peersim.dht.message.OneWayPingMessage,false,6,0,6>1>4>1>4>1>4,4
2258,2,5,0.244975,class peersim.dht.message.OneWayPingMessage,true,3,3,2>8>7>5,2>8>7>5
2259,9,4,0.901112,class peersim.dht.message.OneWayPingMessage,true,2,2,9>1>4,9>1>4
2260,1,7,0.163455,class peersim.dht.message.OneWayPingMessage,true,1,1,1>7,1>7
2261,6,6,0.718222,class peersim.dht.message.OneWayPingMessage,false,6,0,3>8>6>8>6>8>6,6
2262,5,7,0.163455,class peersim.dht.message.OneWayPingMessage,true,1,1,5>7,5>7
2263,2,7,0.163455,class peersim.dht.message.OneWayPingMessage,true,2,2,2>8>7,2>8>7
2264,8,8,0.433910,class peersim.dht.message.OneWayPingMessage,false,6,0,4>6>8>6>8>6>8,8
2265,1,7,0.163455,class peersim.dht.message.OneWayPingMessage,true,1,1,1>7,1>7
2266,2,0,0.718222,class peersim.dht.message.OneWayPingMessage,true,1,1,2>0,2>0
2267,8,8,0.718222,class peersim.dht.message.OneWayPingMessage,false,4,0,8>6>8>6>8,8
2268,1,6,0.514105,class peersim.dht.message.OneWayPingMessage,true,1,1,1>6,1>6
2269,4,3,0.149654,class peersim.dht.message.OneWayPingMessage,true,3,3,4>6>8>3,4>6>8>3
2270,9,1,0.975288,class peersim.dht.message.OneWayPingMessage,true,1,1,9>1,9>1
2271,5,3,0.149654,class peersim.dht.message.OneWayPingMessage,true,2,2,5>7>3,5>7>3
2272,9,4,0.901112,class peersim.dht.message.OneWayPingMessage,true,2,2,9>1>4,9>1>4
2273,3,6,0.514105,class peersim.dht.message.OneWayPingMessage,true,2,2,3>8>6,3>8>6
2274,1,6,0.514105,class peersim.dht.message.OneWayPingMessage,true,1,1,1>6,1>6
2275,4,4,0.945257,class peersim.dht.message.OneWayPingMessage,false,6,0,6>1>4>1>4>1>4,4
2276,6,6,0.433910,class peersim.dht.message.OneWayPingMessage,false,6,0,3>8>6>8>6>8>6,6
2277,7,4,0.901112,class peersim.dht.message.OneWayPingMessage,true,2,2,7>1>4,7>1>4
2278,7,3,0.149654,class peersim.dht.message.OneWayPingMessage,true,1,1,7>3,7>3
2279,6,6,0.718222,class peersim.dht.message.OneWayPingMessage,false,6,0,3>8>6>8>6>8>6,6
2280,7,3,0.149654,class peersim.dht.message.OneWayPingMessage,true,1,1,7>3,7>3
2281,2,2,0.945257,class peersim.dht.message.OneWayPingMessage,true,0,0,2,2
2282,3,7,0.163455,class peersim.dht.message.OneWayPingMessage,true,1,1,3>7,3>7
2283,4,8,0.580265,class peersim.dht.message.OneWayPingMessage,true,2,2,4>6>8,4>6>8
2284,6,5,0.244975,class peersim.dht.message.OneWayPingMessage,true,3,3,6>8>7>5,6>8>7>5
2285,1,3,0.149654,class peersim.dht.message.OneWayPingMessage,true,2,2,1>7>3,1>7>3
2286,6,6,0.718222,class peersim.dht.message.OneWayPingMessage,false,6,0,7>8>6>8>6>8>6,6
2287,6,4,0.901112,class peersim.dht.message.OneWayPingMessage,true,1,1,6>4,6>4
2288,5,7,0.163455,class peersim.dht.message.OneWayPingMessage,true,1,1,5>7,5>7
2289,0,9,0.433910,class peersim.dht.message.OneWayPingMessage,true,1,1,0>9,0>9
2290,6,6,0.433910,class peersim.dht.message.OneWayPingMessage,false,4,0,6>8>6>8>6,6
2291,8,8,0.433910,class peersim.dht.message.OneWayPingMessage,false,6,0,4>6>8>6>8>6>8,8
2292,1,6,0.514105,class peersim.dht.message.OneWayPingMessage,true,1,1,1>6,1>6
2293,3,5,0.244975,class peersim.dht.message.OneWayPingMessage,true,2,2,3>7>5,3>7>5
2294,4,4,0.945257,class peersim.dht.message.OneWayPingMessage,false,4,0,4>1>4>1>4,4
2295,8,8,0.433910,class peersim.dht.message.OneWayPingMessage,false,6,0,4>6>8>6>8>6>8,8
2296,1,3,0.149654,class peersim.dht.message.OneWayPingMessage,true,2,2,1>7>3,1>7>3
2297,9,0,0.718222,class peersim.dht.message.OneWayPingMessage,true,1,1,9>0,9>0
2298,0,0,0.580265,class peersim.dht.message.OneWayPingMessage,false,4,0,0>9>0>9>0,0
2299,5,0,0.718222,class peersim.dht.message.OneWayPingMessage,true,1,1,5>0,5>0
2300,7,1,0.975288,class peersim.dht.message.OneWayPingMessage,true,1,1,7>1,7>1
2301,8,8,0.718222,class peersim.dht.message.OneWayPingMessage,false,4,0,8>6>8>6>8,8
2302,2,1,0.975288,class peersim.dht.message.OneWayPingMessage,true,2,2,2>0>1,2>0>1
2303,0,0,0.514105,class peersim.dht.message.OneWayPingMessage,false,4,0,0>9>0>9>0,0
2304,1,1,0.945257,class peersim.dht.message.OneWayPingMessage,false,4,0,1>4>1>4>1,1
2305,3,2,0.945257,class peersim.dht.message.OneWayPingMessage,true,2,2,3>8>2,3>8>2
2306,1,9,0.433910,class peersim.dht.message.OneWayPingMessage,true,1,1,1>9,1>9
2307,4,4,0.945257,class peersim.dht.message.OneWayPingMessage,false,6,0,9>1>4>1>4>1>4,4
2308,2,8,0.580265,class peersim.dht.message.OneWayPingMessage,true,1,1,2>8,2>8
2309,8,8,0.718222,class peersim.dht.message.OneWayPingMessage,false,6,0,4>6>8>6>8>6>8,8
2310,8,5,0.244975,class peersim.dht.message.OneWayPingMessage,true,2,2,8>7>5,8>7>5
2311,0,2,0.945257,class peersim.dht.message.OneWayPingMessage,true,1,1,0>2,0>2
2312,0,3,0.149654,class peersim.dht.message.OneWayPingMessage,true,3,3,0>5>7>3,0>5>7>3
2313,4,5,0.244975,class peersim.dht.message.OneWayPingMessage,true,4,4,4>6>8>7>5,4>6>8>7>5
2314,6,6,0.718222,class peersim.dht.message.OneWayPingMessage,false,4,0,6>8>6>8>6,6
2315,9,9,0.580265,class peersim.dht.message.OneWayPingMessage,false,6,0,5>0>9>0>9>0>9,9
2316,1,0,0.718222,class peersim.dht.message.OneWayPingMessage,true,1,1,1>0,1>0
2317,0,0,0.718222,class peersim.dht.message.OneWayPingMessage,true,0,0,0,0
2318,6,7,0.163455,class peersim.dht.message.OneWayPingMessage,true,2,2,6>8>7,6>8>7
2319,3,6,0.514105,class peersim.dht.message.OneWayPingMessage,true,2,2,3>8>6,3>8>6
2320,6,6,0.433910,class peersim.dht.message.OneWayPingMessage,false,4,0,6>8>6>8>6,6
2321,6,6,0.433910,class peersim.dht.message.OneWayPingMessage,false,6,0,7>8>6>8>6>8>6,6
2322,7,6,0.514105,class peersim.dht.message.OneWayPingMessage,true,2,2,7>8>6,7>8>6
2323,9,9,0.514105,class peersim.dht.message.OneWayPingMessage,false,6,0,5>0>9>0>9>0>9,9
2324,4,3,0.149654,class peersim.dht.message.OneWayPingMessage,true,3,3,4>6>8>3,4>6>8>3
2325,8,2,0.945257,class peersim.dht.message.OneWayPingMessage,true,1,1,8>2,8>2
2326,3,1,0.975288,class peersim.dht.message.OneWayPingMessage,true,4,4,3>8>2>0>1,3>8>2>0>1
2327,1,1,0.975288,class peersim.dht.message.OneWayPingMessage,true,0,0,1,1
2328,8,8,0.433910,class peersim.dht.message.OneWayPingMessage,false,4,0,8>6>8>6>8,8
2329,0,0,0.901112,class peersim.dht.message.OneWayPingMessage,false,4,0,0>2>0>2>0,0
2330,6,6,0.718222,class peersim.dht.message.OneWayPingMessage,false,6,0,3>8>6>8>6>8>6,6
2331,7,5,0.244975,class peersim.dht.message.OneWayPingMessage,true,1,1,7>5,7>5
2332,6,8,0.580265,class peersim.dht.message.OneWayPingMessage,true,1,1,6>8,6>8
2333,4,1,0.975288,class peersim.dht.message.OneWayPingMessage,true,1,1,4>1,4>1
2334,4,6,0.514105,class peersim.dht.message.OneWayPingMessage,true,1,1,4>6,4>6
2335,1,1,0.975288,class peersim.dht.message.OneWayPingMessage,true,0,0,1,1
2336,9,9,0.514105,class peersim.dht.message.OneWayPingMessage,false,4,0,9>0>9>0>9,9
2337,8,1,0.975288,class peersim.dht.message.OneWayPingMessage,true,3,3,8>2>0>1,8>2>0>1
2338,0,2,0.945257,class peersim.dht.message.OneWayPingMessage,true,1,1,0>2,0>2
2339,4,4,0.945257,class peersim.dht.message.OneWayPingMessage,false,4,0,4>1>4>1>4,4
2340,6,3,0.149654,class peersim.dht.message.OneWayPingMessage,true,2,2,6>8>3,6>8>3
2341,2,5,0.244975,class peersim.dht.message.OneWayPingMessage,true,3,3,2>8>7>5,2>8>7>5
2342,3,7,0.163455,class peersim.dht.message.OneWayPingMessage,true,1,1,3>7,3>7
2343,5,5,0.244975,class peersim.dht.message.OneWayPingMessage,true,0,0,5,5
2344,1,8,0.580265,class peersim.dht.message.OneWayPingMessage,true,2,2,1>6>8,1>6>8
2345,6,6,0.433910,class peersim.dht.message.OneWayPingMessage,false,6,0,7>8>6>8>6>8>6,6
2346,4,1,0.975288,class peersim.dht.message.OneWayPingMessage,true,1,1,4>1,4>1
2347,2,6,0.514105,class peersim.dht.message.OneWayPingMessage,true,2,2,2>8>6,2>8>6
2348,5,7,0.163455,class peersim.dht.message.OneWayPingMessage,true,1,1,5>7,5>7
2349,7,8,0.580265,class peersim.dht.message.OneWayPingMessage,true,1,1,7>8,7>8
2350,0,0,0.514105,class peersim.dht.message.OneWayPingMessage,false,4,0,0>9>0>9>0,0
2351,6,8,0.580265,class peersim.dht.message.OneWayPingMessage,true,1,1,6>8,6>8
2352,2,3,0.149654,class peersim.dht.message.OneWayPingMessage,true,2,2,2>8>3,2>8>3
2353,6,4,0.901112,class peersim.dht.message.OneWayPingMessage,true,1,1,6>4,6>4
2354,4,4,0.945257,class peersim.dht.message.OneWayPingMessage,false,6,0,6>1>4>1>4>1>4,4
2355,3,1,0.975288,class peersim.dht.message.OneWayPingMessage,true,4,4,3>8>2>0>1,3>8>2>0>1
2356,6,6,0.514105,class peersim.dht.message.OneWayPingMessage,true,0,0,6,6
2357,3,1,0.975288,class peersim.dht.message.OneWayPingMessage,true,4,4,3>8>2>0>1,3>8>2>0>1
2358,4,7,0.163455,class peersim.dht.message.OneWayPingMessage,true,3,3,4>6>8>7,4>6>8>7
2359,4,5,0.244975,class peersim.dht.message.OneWayPingMessage,true,4,4,4>6>8>7>5,4>6>8>7>5
2360,1,9,0.433910,class peersim.dht.message.OneWayPingMessage,true,1,1,1>9,1>9
2361,2,7,0.163455,class peersim.dht.message.OneWayPingMessage,true,2,2,2>8>7,2>8>7
2362,8,8,0.433910,class peersim.dht.message.OneWayPingMessage,false,4,0,8>6>8>6>8,8
2363,8,2,0.945257,class peersim.dht.message.OneWayPingMessage,true,1,1,8>2,8>2
2364,9,7,0.163455,class peersim.dht.message.OneWayPingMessage,true,3,3,9>0>5>7,9>0>5>7
2365,3,8,0.580265,class peersim.dht.message.OneWayPingMessage,true,1,1,3>8,3>8
2366,6,6,0.514105,class peersim.dht.message.OneWayPingMessage,true,0,0,6,6
2367,5,0,0.718222,class peersim.dht.message.OneWayPingMessage,true,1,1,5>0,5>0
2368,8,5,0.244975,class peersim.dht.message.OneWayPingMessage,true,2,2,8>7>5,8>7>5
2369,4,6,0.514105,class peersim.dht.message.OneWayPingMessage,true,1,1,4>6,4>6
2370,4,3,0.149654,class peersim.dht.message.OneWayPingMessage,true,3,3,4>6>8>3,4>6>8>3
2371,6,6,0.433910,class peersim.dht.message.OneWayPingMessage,false,6,0,3>8>6>8>6>8>6,6
2372,2,2,0.901112,class peersim.dht.message.OneWayPingMessage,false,4,0,2>0>2>0>2,2
2373,9,7,0.163455,class peersim.dht.message.OneWayPingMessage,true,3,3,9>0>5>7,9>0>5>7
2374,4,4,0.945257,class peersim.dht.message.OneWayPingMessage,false,6,0,6>1>4>1>4>1>4,4
2375,0,5,0.244975,class peersim.dht.message.OneWayPingMessage,true,1,1,0>5,0>5
2376,9,9,0.580265,class peersim.dht.message.OneWayPingMessage,false,6,0,5>0>9>0>9>0>9,9
2377,3,3,0.149654,class peersim.dht.message.OneWayPingMessage,true,0,0,3,3
2378,3,1,0.975288,class peersim.dht.message.OneWayPingMessage,true,4,4,3>8>2>0>1,3>8>2>0>1
2379,3,2,0.945257,class peersim.dht.message.OneWayPingMessage,true,2,2,3>8>2,3>8>2
2380,9,3,0.149654,class peersim.dht.message.OneWayPingMessage,true,4,4,9>0>5>7>3,9>0>5>7>3
2381,5,1,0.975288,class peersim.dht.message.OneWayPingMessage,true,1,1,5>1,5>1
2382,9,3,0.149654,class peersim.dht.message.OneWayPingMessage,true,4,4,9>0>5>7>3,9>0>5>7>3
2383,8,8,0.433910,class peersim.dht.message.OneWayPingMessage,false,4,0,8>6>8>6>8,8
2384,3,3,0.149654,class peersim.dht.message.OneWayPingMessage,true,0,0,3,3
2385,2,2,0.945257,class peersim.dht.message.OneWayPingMessage,true,0,0,2,2
2386,0,3,0.149654,class peersim.dht.message.OneWayPingMessage,true,3,3,0>5>7>3,0>5>7>3
2387,4,4,0.945257,class peersim.dht.message.OneWayPingMessage,false,4,0,4>1>4>1>4,4
2388,2,3,0.149654,class peersim.dht.message.OneWayPingMessage,true,2,2,2>8>3,2>8>3
2389,8,8,0.433910,class peersim.dht.message.OneWayPingMessage,false,4,0,8>6>8>6>8,8
2390,4,3,0.149654,class peersim.dht.message.OneWayPingMessage,true,3,3,4>6>8>3,4>6>8>3
2391,4,1,0.975288,class peersim.dht.message.OneWayPingMessage,true,1,1,4>1,4>1
2392,0,3,0.149654,class peersim.dht.message.OneWayPingMessage,true,3,3,0>5>7>3,0>5>7>3
2393,1,9,0.433910,class peersim.dht.message.OneWayPingMessage,true,1,1,1>9,1>9
2394,3,7,0.163455,class peersim.dht.message.OneWayPingMessage,true,1,1,3>7,3>7
2395,4,5,0.244975,class peersim.dht.message.OneWayPingMessage,true,4,4,4>6>8>7>5,4>6>8>7>5
2396,6,8,0.580265,class peersim.dht.message.OneWayPingMessage,true,1,1,6>8,6>8
2397,0,0,0.901112,class peersim.dht.message.OneWayPingMessage,false,4,0,0>2>0>2>0,0
2398,6,8,0.580265,class peersim.dht.message.OneWayPingMessage,true,1,1,6>8,6>8
2399,3,8,0.580265,class peersim.dht.message.OneWayPingMessage,true,1,1,3>8,3>8
2400,0,0,0.718222,class peersim.dht.message.OneWayPingMessage,true,0,0,0,0
2401,1,1,0.975288,class peersim.dht.message.OneWayPingMessage,true,0,0,1,1
2402,4,4,0.945257,class peersim.dht.message.OneWayPingMessage,false,4,0,4>1>4>1>4,4
2403,2,2,0.945257,class peersim.dht.message.OneWayPingMessage,true,0,0,2,2
2404,6,3,0.149654,class peersim.dht.message.OneWayPingMessage,true,2,2,6>8>3,6>8>3
2405,4,4,0.945257,class peersim.dht.message.OneWayPingMessage,false,4,0,4>1>4>1>4,4
2406,2,7,0.163455,class peersim.dht.message.OneWayPingMessage,true,2,2,2>8>7,2>8>7
2407,8,8,0.718222,class peersim.dht.message.OneWayPingMessage,false,6,0,4>6>8>6>8>6>8,8
2408,4,6,0.514105,class peersim.dht.message.OneWayPingMessage,true,1,1,4>6,4>6
2409,6,6,0.433910,class peersim.dht.message.OneWayPingMessage,false,6,0,2>8>6>8>6>8>6,6
2410,4,8,0.580265,class peersim.dht.message.OneWayPingMessage,true,2,2,4>6>8,4>6>8
2411,9,9,0.433910,class peersim.dht.message.OneWayPingMessage,true,0,0,9,9
2412,2,1,0.975288,class peersim.dht.message.OneWayPingMessage,true,2,2,2>0>1,2>0>1
2413,4,4,0.945257,class peersim.dht.message.OneWayPingMessage,false,6,0,7>1>4>1>4>1>4,4
2414,8,3,0.149654,class peersim.dht.message.OneWayPingMessage,true,1,1,8>3,8>3
2415,6,6,0.433910,class peersim.dht.message.OneWayPingMessage,false,6,0,2>8>6>8>6>8>6,6
2416,6,6,0.718222,class peersim.dht.message.OneWayPingMessage,false,6,0,7>8>6>8>6>8>6,6
2417,1,4,0.901112,class peersim.dht.message.OneWayPingMessage,true,1,1,1>4,1>4
2418,7,3,0.149654,class peersim.dht.message.OneWayPingMessage,true,1,1,7>3,7>3
2419,2,2,0.901112,class peersim.dht.message.OneWayPingMessage,false,8,0,3>8>2>0>2>0>2>0>2,2
2420,8,5,0.244975,class peersim.dht.message.OneWayPingMessage,true,2,2,8>7>5,8>7>5
2421,0,7,0.163455,class peersim.dht.message.OneWayPingMessage,true,2,2,0>5>7,0>5>7
2422,8,8,0.433910,class peersim.dht.message.OneWayPingMessage,false,8,0,5>7>8>6>8>6>8>6>8,8
2423,1,0,0.718222,class peersim.dht.message.OneWayPingMessage,true,1,1,1>0,1>0
2424,7,5,0.244975,class peersim.dht.message.OneWayPingMessage,true,1,1,7>5,7>5
2425,0,0,0.718222,class peersim.dht.message.OneWayPingMessage,true,0,0,0,0
2426,7,4,0.901112,class peersim.dht.message.OneWayPingMessage,true,2,2,7>1>4,7>1>4
2427,2,1,0.975288,class peersim.dht.message.OneWayPingMessage,true,2,2,2>0>1,2>0>1
2428,5,7,0.163455,class peersim.dht.message.OneWayPingMessage,true,1,1,5>7,5>7
2429,6,3,0.149654,class peersim.dht.message.OneWayPingMessage,true,2,2,6>8>3,6>8>3
2430,7,8,0.580265,class peersim.dht.message.OneWayPingMessage,true,1,1,7>8,7>8
2431,4,4,0.945257,class peersim.dht.message.OneWayPingMessage,false,6,0,6>1>4>1>4>1>4,4
2432,9,3,0.149654,class peersim.dht.message.OneWayPingMessage,true,4,4,9>0>5>7>3,9>0>5>7>3
2433,5,7,0.163455,class peersim.dht.message.OneWayPingMessage,true,1,1,5>7,5>7
2434,9,9,0.514105,class peersim.dht.message.OneWayPingMessage,false,4,0,9>0>9>0>9,9
2435,6,4,0.901112,class peersim.dht.message.OneWayPingMessage,true,1,1,6>4,6>4
2436,0,0,0.901112,class peersim.dht.message.OneWayPingMessage,false,6,0,8>2>0>2>0>2>0,0
2437,8,7,0.163455,class peersim.dht.message.OneWayPingMessage,true,1,1,8>7,8>7
2438,6,7,0.163455,class peersim.dht.message.OneWayPingMessage,true,2,2,6>8>7,6>8>7
2439,0,0,0.718222,class peersim.dht.message.OneWayPingMessage,true,0,0,0,0
2440,6,6,0.433910,class peersim.dht.message.OneWayPingMessage,false,6,0,3>8>6>8>6>8>6,6
2441,5,3,0.149654,class peersim.dht.message.OneWayPingMessage,true,2,2,5>7>3,5>7>3
2442,9,4,0.901112,class peersim.dht.message.OneWayPingMessage,true,2,2,9>1>4,9>1>4
2443,2,8,0.580265,class peersim.dht.message.OneWayPingMessage,true,1,1,2>8,2>8
2444,1,0,0.718222,class peersim.dht.message.OneWayPingMessage,true,1,1,1>0,1>0
2445,4,6,0.514105,class peersim.dht.message.OneWayPingMessage,true,1,1,4>6,4>6
2446,9,5,0.244975,class peersim.dht.message.OneWayPingMessage,true,2,2,9>0>5,9>0>5
2447,2,7,0.163455,class peersim.dht.message.OneWayPingMessage,true,2,2,2>8>7,2>8>7
2448,4,7,0.163455,class peersim.dht.message.OneWayPingMessage,true,3,3,4>6>8>7,4>6>8>7
2449,4,3,0.149654,class peersim.dht.message.OneWayPingMessage,true,3,3,4>6>8>3,4>6>8>3
2450,6,8,0.580265,class peersim.dht.message.OneWayPingMessage,true,1,1,6>8,6>8
2451,8,2,0.945257,class peersim.dht.message.OneWayPingMessage,true,1,1,8>2,8>2
2452,9,1,0.975288,class peersim.dht.message.OneWayPingMessage,true,1,1,9>1,9>1
2453,4,4,0.945257,class peersim.dht.message.OneWayPingMessage,false,4,0,4>1>4>1>4,4
2454,6,8,0.580265,class peersim.dht.message.OneWayPingMessage,true,1,1,6>8,6>8
2455,1,7,0.163455,class peersim.dht.message.OneWayPingMessage,true,1,1,1>7,1>7
2456,6,6,0.433910,class peersim.dht.message.OneWayPingMessage,false,6,0,3>8>6>8>6>8>6,6
2457,4,4,0.945257,class peersim.dht.message.OneWayPingMessage,false,6,0,7>1>4>1>4>1>4,4
2458,2,2,0.901112,class peersim.dht.message.OneWayPingMessage,false,4,0,2>0>2>0>2,2
2459,3,3,0.149654,class peersim.dht.message.OneWayPingMessage,true,0,0,3,3
2460,5,3,0.149654,class peersim.dht.message.OneWayPingMessage,true,2,2,5>7>3,5>7>3
2461,6,6,0.433910,class peersim.dht.message.OneWayPingMessage,false,4,0,6>8>6>8>6,6
2462,7,3,0.149654,class peersim.dht.message.OneWayPingMessage,true,1,1,7>3,7>3
2463,5,5,0.244975,class peersim.dht.message.OneWayPingMessage,true,0,0,5,5
2464,6,6,0.433910,class peersim.dht.message.OneWayPingMessage,false,6,0,3>8>6>8>6>8>6,6
2465,9,3,0.149654,class peersim.dht.message.OneWayPingMessage,true,4,4,9>0>5>7>3,9>0>5>7>3
2466,5,1,0.975288,class peersim.dht.message.OneWayPingMessage,true,1,1,5>1,5>1
2467,8,2,0.945257,class peersim.dht.message.OneWayPingMessage,true,1,1,8>2,8>2
2468,0,0,0.901112,class peersim.dht.message.OneWayPingMessage,false,6,0,8>2>0>2>0>2>0,0
2469,4,4,0.945257,class peersim.dht.message.OneWayPingMessage,false,6,0,7>1>4>1>4>1>4,4
2470,8,8,0.433910,class peersim.dht.message.OneWayPingMessage,false,6,0,4>6>8>6>8>6>8,8
2471,0,0,0.580265,class peersim.dht.message.OneWayPingMessage,false,4,0,0>9>0>9>0,0
2472,1,6,0.514105,class peersim.dht.message.OneWayPingMessage,true,1,1,1>6,1>6
2473,8,2,0.945257,class peersim.dht.message.OneWayPingMessage,true,1,1,8>2,8>2
2474,6,5,0.244975,class peersim.dht.message.OneWayPingMessage,true,3,3,6>8>7>5,6>8>7>5
2475,6,1,0.975288,class peersim.dht.message.OneWayPingMessage,true,1,1,6>1,6>1
2476,1,4,0.901112,class peersim.dht.message.OneWayPingMessage,true,1,1,1>4,1>4
2477,3,8,0.580265,class peersim.dht.message.OneWayPingMessage,true,1,1,3>8,3>8
2478,0,0,0.901112,class peersim.dht.message.OneWayPingMessage,false,4,0,0>2>0>2>0,0
2479,9,1,0.975288,class peersim.dht.message.OneWayPingMessage,true,1,1,9>1,9>1
2480,0,7,0.163455,class peersim.dht.message.OneWayPingMessage,true,2,2,0>5>7,0>5>7
2481,4,1,0.975288,class peersim.dht.message.OneWayPingMessage,true,1,1,4>1,4>1
2482,7,6,0.514105,class peersim.dht.message.OneWayPingMessage,true,2,2,7>8>6,7>8>6
2483,4,4,0.901112,class peersim.dht.message.OneWayPingMessage,true,0,0,4,4
2484,2,0,0.718222,class peersim.dht.message.OneWayPingMessage,true,1,1,2>0,2>0
2485,9,5,0.244975,class peersim.dht.message.OneWayPingMessage,true,2,2,9>0>5,9>0>5
2486,0,1,0.975288,class peersim.dht.message.OneWayPingMessage,true,1,1,0>1,0>1
2487,2,0,0.718222,class peersim.dht.message.OneWayPingMessage,true,1,1,2>0,2>0
2488,8,8,0.718222,class peersim.dht.message.OneWayPingMessage,false,6,0,4>6>8>6>8>6>8,8
2489,1,1,0.975288,class peersim.dht.message.OneWayPingMessage,true,0,0,1,1
2490,4,3,0.149654,class peersim.dht.message.OneWayPingMessage,true,3,3,4>6>8>3,4>6>8>3
2491,1,5,0.244975,class peersim.dht.message.OneWayPingMessage,true,1,1,1>5,1>5
2492,6,4,0.901112,class peersim.dht.message.OneWayPingMessage,true,1,1,6>4,6>4
2493,6,6,0.433910,class peersim.dht.message.OneWayPingMessage,false,6,0,7>8>6>8>6>8>6,6
2494,9,5,0.244975,class peersim.dht.message.OneWayPingMessage,true,2,2,9>0>5,9>0>5
2495,3,2,0.945257,class peersim.dht.message.OneWayPingMessage,true,2,2,3>8>2,3>8>2
2496,8,8,0.580265,class peersim.dht.message.OneWayPingMessage,true,0,0,8,8
2497,0,0,0.901112,class peersim.dht.message.OneWayPingMessage,false,4,0,0>2>0>2>0,0
2498,6,6,0.433910,class peersim.dht.message.OneWayPingMessage,false,6,0,7>8>6>8>6>8>6,6
2499,3,8,0.580265,class peersim.dht.message.OneWayPingMessage,true,1,1,3>8,3>8
2500,0,2,0.945257,class peersim.dht.message.OneWayPingMessage,true,1,1,0>2,0>2
2501,0,3,0.149654,class peersim.dht.message.OneWayPingMessage,true,3,3,0>5>7>3,0>5>7>3
2502,7,8,0.580265,class peersim.dht.message.OneWayPingMessage,true,1,1,7>8,7>8
2503,6,8,0.580265,class peersim.dht.message.OneWayPingMessage,true,1,1,6>8,6>8
2504,0,9,0.433910,class peersim.dht.message.OneWayPingMessage,true,1,1,0>9,0>9
2505,9,4,0.901112,class peersim.dht.message.OneWayPingMessage,true,2,2,9>1>4,9>1>4
2506,9,5,0.244975,class peersim.dht.message.OneWayPingMessage,true,2,2,9>0>5,9>0>5
2507,9,5,0.244975,class peersim.dht.message.OneWayPingMessage,true,2,2,9>0>5,9>0>5
2508,1,9,0.433910,class peersim.dht.message.OneWayPingMessage,true,1,1,1>9,1>9
2509,4,4,0.945257,class peersim.dht.message.OneWayPingMessage,false,6,0,7>1>4>1>4>1>4,4
2510,9,9,0.433910,class peersim.dht.message.OneWayPingMessage,true,0,0,9,9
2511,2,6,0.514105,class peersim.dht.message.OneWayPingMessage,true,2,2,2>8>6,2>8>6
2512,9,9,0.580265,class peersim.dht.message.OneWayPingMessage,false,6,0,5>0>9>0>9>0>9,9
2513,8,2,0.945257,class peersim.dht.message.OneWayPingMessage,true,1,1,8>2,8>2
2514,6,6,0.718222,class peersim.dht.message.OneWayPingMessage,false,6,0,7>8>6>8>6>8>6,6
2515,2,0,0.718222,class peersim.dht.message.OneWayPingMessage,true,1,1,2>0,2>0
2516,0,7,0.163455,class peersim.dht.message.OneWayPingMessage,true,2,2,0>5>7,0>5>7
2517,9,4,0.901112,class peersim.dht.message.OneWayPingMessage,true,2,2,9>1>4,9>1>4
2518,2,5,0.244975,class peersim.dht.message.OneWayPingMessage,true,3,3,2>8>7>5,2>8>7>5
2519,9,9,0.580265,class peersim.dht.message.OneWayPingMessage,false,4,0,9>0>9>0>9,9
2520,9,9,0.580265,class peersim.dht.message.OneWayPingMessage,false,4,0,9>0>9>0>9,9
2521,8,8,0.718222,class peersim.dht.message.OneWayPingMessage,false,4,0,8>6>8>6>8,8
2522,4,3,0.149654,class peersim.dht.message.OneWayPingMessage,true,3,3,4>6>8>3,4>6>8>3
2523,5,4,0.901112,class peersim.dht.message.OneWayPingMessage,true,2,2,5>1>4,5>1>4
2524,6,6,0.433910,class peersim.dht.message.OneWayPingMessage,false,4,0,6>8>6>8>6,6
2525,4,4,0.901112,class peersim.dht.message.OneWayPingMessage,true,0,0,4,4
2526,8,8,0.433910,class peersim.dht.message.OneWayPingMessage,false,6,0,4>6>8>6>8>6>8,8
2527,7,5,0.244975,class peersim.dht.message.OneWayPingMessage,true,1,1,7>5,7>5
2528,6,3,0.149654,class peersim.dht.message.OneWayPingMessage,true,2,2,6>8>3,6>8>3
2529,2,2,0.945257,class peersim.dht.message.OneWayPingMessage,true,0,0,2,2
2530,7,8,0.580265,class peersim.dht.message.OneWayPingMessage,true,1,1,7>8,7>8
2531,2,6,0.514105,class peersim.dht.message.OneWayPingMessage,true,2,2,2>8>6,2>8>6
2532,6,4,0.901112,class peersim.dht.message.OneWayPingMessage,true,1,1,6>4,6>4
2533,0,0,0.580265,class peersim.dht.message.OneWayPingMessage,false,4,0,0>9>0>9>0,0
2534,0,0,0.718222,class peersim.dht.message.OneWayPingMessage,true,0,0,0,0
2535,6,3,0.149654,class peersim.dht.message.OneWayPingMessage,true,2,2,6>8>3,6>8>3
2536,4,5,0.244975,class peersim.dht.message.OneWayPingMessage,true,4,4,4>6>8>7>5,4>6>8>7>5
2537,4,4,0.945257,class peersim.dht.message.OneWayPingMessage,false,4,0,4>1>4>1>4,4
2538,8,8,0.433910,class peersim.dht.message.OneWayPingMessage,false,8,0,5>7>8>6>8>6>8>6>8,8
2539,3,2,0.945257,class peersim.dht.message.OneWayPingMessage,true,2,2,3>8>2,3>8>2
2540,4,4,0.945257,class peersim.dht.message.OneWayPingMessage,false,6,0,5>1>4>1>4>1>4,4
2541,6,6,0.433910,class peersim.dht.message.OneWayPingMessage,false,4,0,6>8>6>8>6,6
2542,7,5,0.244975,class peersim.dht.message.OneWayPingMessage,true,1,1,7>5,7>5
2543,5,0,0.718222,class peersim.dht.message.OneWayPingMessage,true,1,1,5>0,5>0
2544,6,1,0.975288,class peersim.dht.message.OneWayPingMessage,true,1,1,6>1,6>1
2545,6,6,0.718222,class peersim.dht.message.OneWayPingMessage,false,4,0,6>8>6>8>6,6
2546,9,5,0.244975,class peersim.dht.message.OneWayPingMessage,true,2,2,9>0>5,9>0>5
2547,8,5,0.244975,class peersim.dht.message.OneWayPingMessage,true,2,2,8>7>5,8>7>5
2548,6,6,0.718222,class peersim.dht.message.OneWayPingMessage,false,6,0,3>8>6>8>6>8>6,6
2549,1,1,0.945257,class peersim.dht.message.OneWayPingMessage,false,4,0,1>4>1>4>1,1
2550,1,7,0.163455,class peersim.dht.message.OneWayPingMessage,true,1,1,1>7,1>7
2551,2,6,0.514105,class peersim.dht.message.OneWayPingMessage,true,2,2,2>8>6,2>8>6
2552,8,8,0.433910,class peersim.dht.message.OneWayPingMessage,false,6,0,4>6>8>6>8>6>8,8
2553,7,7,0.163455,class peersim.dht.message.OneWayPingMessage,true,0,0,7,7
2554,0,3,0.149654,class peersim.dht.message.OneWayPingMessage,true,3,3,0>5>7>3,0>5>7>3
2555,4,1,0.975288,class peersim.dht.message.OneWayPingMessage,true,1,1,4>1,4>1
2556,6,5,0.244975,class peersim.dht.message.OneWayPingMessage,true,3,3,6>8>7>5,6>8>7>5
2557,4,4,0.945257,class peersim.dht.message.OneWayPingMessage,false,4,0,4>1>4>1>4,4
2558,1,7,0.163455,class peersim.dht.message.OneWayPingMessage,true,1,1,1>7,1>7
2559,1,8,0.580265,class peersim.dht.message.OneWayPingMessage,true,2,2,1>6>8,1>6>8
2560,6,8,0.580265,class peersim.dht.message.OneWayPingMessage,true,1,1,6>8,6>8
2561,1,9,0.433910,class peersim.dht.message.OneWayPingMessage,true,1,1,1>9,1>9
2562,9,9,0.580265,class peersim.dht.message.OneWayPingMessage,false,4,0,9>0>9>0>9,9
2563,6,6,0.433910,class peersim.dht.message.OneWayPingMessage,false,4,0,6>8>6>8>6,6
2564,5,4,0.901112,class peersim.dht.message.OneWayPingMessage,true,2,2,5>1>4,5>1>4
2565,1,0,0.718222,class peersim.dht.message.OneWayPingMessage,true,1,1,1>0,1>0
2566,8,6,0.514105,class peersim.dht.message.OneWayPingMessage,true,1,1,8>6,8>6
2567,0,1,0.975288,class peersim.dht.message.OneWayPingMessage,true,1,1,0>1,0>1
2568,7,7,0.163455,class peersim.dht.message.OneWayPingMessage,true,0,0,7,7
2569,2,7,0.163455,class peersim.dht.message.OneWayPingMessage,true,2,2,2>8>7,2>8>7
2570,5,3,0.149654,class peersim.dht.message.OneWayPingMessage,true,2,2,5>7>3,5>7>3
2571,2,2,0.945257,class peersim.dht.message.OneWayPingMessage,true,0,0,2,2
2572,6,7,0.163455,class peersim.dht.message.OneWayPingMessage,true,2,2,6>8>7,6>8>7
2573,4,7,0.163455,class peersim.dht.message.OneWayPingMessage,true,3,3,4>6>8>7,4>6>8>7
2574,7,4,0.901112,class peersim.dht.message.OneWayPingMessage,true,2,2,7>1>4,7>1>4
2575,6,6,0.718222,class peersim.dht.message.OneWayPingMessage,false,6,0,7>8>6>8>6>8>6,6
2576,4,5,0.244975,class peersim.dht.message.OneWayPingMessage,true,4,4,4>6>8>7>5,4>6>8>7>5
2577,1,3,0.149654,class peersim.dht.message.OneWayPingMessage,true,2,2,1>7>3,1>7>3
2578,6,6,0.718222,class peersim.dht.message.OneWayPingMessage,false,6,0,7>8>6>8>6>8>6,6
2579,2,3,0.149654,class peersim.dht.message.OneWayPingMessage,true,2,2,2>8>3,2>8>3
2580,8,7,0.163455,class peersim.dht.message.OneWayPingMessage,true,1,1,8>7,8>7
2581,6,6,0.718222,class peersim.dht.message.OneWayPingMessage,false,6,0,3>8>6>8>6>8>6,6
2582,9,9,0.514105,class peersim.dht.message.OneWayPingMessage,false,4,0,9>0>9>0>9,9
2583,0,0,0.901112,class peersim.dht.message.OneWayPingMessage,false,4,0,0>2>0>2>0,0
2584,1,5,0.244975,class peersim.dht.message.OneWayPingMessage,true,1,1,1>5,1>5
2585,5,0,0.718222,class peersim.dht.message.OneWayPingMessage,true,1,1,5>0,5>0
2586,8,1,0.975288,class peersim.dht.message.OneWayPingMessage,true,3,3,8>2>0>1,8>2>0>1
2587,5,3,0.149654,class peersim.dht.message.OneWayPingMessage,true,2,2,5>7>3,5>7>3
2588,6,6,0.433910,class peersim.dht.message.OneWayPingMessage,false,4,0,6>8>6>8>6,6
2589,2,8,0.580265,class peersim.dht.message.OneWayPingMessage,true,1,1,2>8,2>8
2590,8,8,0.718222,class peersim.dht.message.OneWayPingMessage,false,6,0,4>6>8>6>8>6>8,8
2591,4,4,0.945257,class peersim.dht.message.OneWayPingMessage,false,4,0,4>1>4>1>4,4
2592,8,8,0.718222,class peersim.dht.message.OneWayPingMessage,false,4,0,8>6>8>6>8,8
2593,6,6,0.718222,class peersim.dht.message.OneWayPingMessage,false,6,0,3>8>6>8>6>8>6,6
2594,7,4,0.901112,class peersim.dht.message.OneWayPingMessage,true,2,2,7>1>4,7>1>4
2595,1,8,0.580265,class peersim.dht.message.OneWayPingMessage,true,2,2,1>6>8,1>6>8
2596,3,1,0.975288,class peersim.dht.message.OneWayPingMessage,true,4,4,3>8>2>0>1,3>8>2>0>1
2597,6,6,0.514105,class peersim.dht.message.OneWayPingMessage,true,0,0,6,6
2598,2,2,0.945257,class peersim.dht.message.OneWayPingMessage,true,0,0,2,2
2599,1,1,0.945257,class peersim.dht.message.OneWayPingMessage,false,4,0,1>4>1>4>1,1
2600,1,4,0.901112,class peersim.dht.message.OneWayPingMessage,true,1,1,1>4,1>4
2601,9,9,0.514105,class peersim.dht.message.OneWayPingMessage,false,4,0,9>0>9>0>9,9
2602,0,9,0.433910,class peersim.dht.message.OneWayPingMessage,true,1,1,0>9,0>9
2603,0,0,0.514105,class peersim.dht.message.OneWayPingMessage,false,4,0,0>9>0>9>0,0
2604,1,1,0.945257,class peersim.dht.message.OneWayPingMessage,false,4,0,1>4>1>4>1,1
2605,8,8,0.718222,class peersim.dht.message.OneWayPingMessage,false,6,0,4>6>8>6>8>6>8,8
2606,9,3,0.149654,class peersim.dht.message.OneWayPingMessage,true,4,4,9>0>5>7>3,9>0>5>7>3
2607,5,1,0.975288,class peersim.dht.message.OneWayPingMessage,true,1,1,5>1,5>1
2608,0,2,0.945257,class peersim.dht.message.OneWayPingMessage,true,1,1,0>2,0>2
2609,9,3,0.149654,class peersim.dht.message.OneWayPingMessage,true,4,4,9>0>5>7>3,9>0>5>7>3
2610,1,1,0.975288,class peersim.dht.message.OneWayPingMessage,true,0,0,1,1
2611,6,6,0.718222,class peersim.dht.message.OneWayPingMessage,false,4,0,6>8>6>8>6,6
2612,0,0,0.514105,class peersim.dht.message.OneWayPingMessage,false,4,0,0>9>0>9>0,0
2613,3,5,0.244975,class peersim.dht.message.OneWayPingMessage,true,2,2,3>7>5,3>7>5
2614,6,5,0.244975,class peersim.dht.message.OneWayPingMessage,true,3,3,6>8>7>5,6>8>7>5
2615,6,7,0.163455,class peersim.dht.message.OneWayPingMessage,true,2,2,6>8>7,6>8>7
2616,9,9,0.514105,class peersim.dht.message.OneWayPingMessage,false,6,0,5>0>9>0>9>0>9,9
2617,7,6,0.514105,class peersim.dht.message.OneWayPingMessage,true,2,2,7>8>6,7>8>6
2618,4,7,0.163455,class peersim.dht.message.OneWayPingMessage,true,3,3,4>6>8>7,4>6>8>7
2619,9,7,0.163455,class peersim.dht.message.OneWayPingMessage,true,3,3,9>0>5>7,9>0>5>7
2620,2,1,0.975288,class peersim.dht.message.OneWayPingMessage,true,2,2,2>0>1,2>0>1
2621,2,5,0.244975,class peersim.dht.message.OneWayPingMessage,true,3,3,2>8>7>5,2>8>7>5
2622,2,1,0.975288,class peersim.dht.message.OneWayPingMessage,true,2,2,2>0>1,2>0>1
2623,6,6,0.718222,class peersim.dht.message.OneWayPingMessage,false,4,0,6>8>6>8>6,6
2624,0,0,0.901112,class peersim.dht.message.OneWayPingMessage,false,6,0,8>2>0>2>0>2>0,0
2625,9,5,0.244975,class peersim.dht.message.OneWayPingMessage,true,2,2,9>0>5,9>0>5
2626,2,1,0.975288,class peersim.dht.message.OneWayPingMessage,true,2,2,2>0>1,2>0>1
2627,2,1,0.975288,class peersim.dht.message.OneWayPingMessage,true,2,2,2>0>1,2>0>1
2628,7,4,0.901112,class peersim.dht.message.OneWayPingMessage,true,2,2,7>1>4,7>1>4
2629,4,4,0.945257,class peersim.dht.message.OneWayPingMessage,false,6,0,5>1>4>1>4>1>4,4
2630,0,2,0.945257,class peersim.dht.message.OneWayPingMessage,true,1,1,0>2,0>2
2631,8,6,0.514105,class peersim.dht.message.OneWayPingMessage,true,1,1,8>6,8>6
2632,1,7,0.163455,class peersim.dht.message.OneWayPingMessage,true,1,1,1>7,1>7
2633,3,3,0.149654,class peersim.dht.message.OneWayPingMessage,true,0,0,3,3
2634,8,3,0.149654,class peersim.dht.message.OneWayPingMessage,true,1,1,8>3,8>3
2635,6,6,0.433910,class peersim.dht.message.OneWayPingMessage,false,4,0,6>8>6>8>6,6
2636,4,7,0.163455,class peersim.dht.message.OneWayPingMessage,true,3,3,4>6>8>7,4>6>8>7
2637,3,7,0.163455,class peersim.dht.message.OneWayPingMessage,true,1,1,3>7,3>7
2638,5,4,0.901112,class peersim.dht.message.OneWayPingMessage,true,2,2,5>1>4,5>1>4
2639,5,5,0.244975,class peersim.dht.message.OneWayPingMessage,true,0,0,5,5
2640,4,8,0.580265,class peersim.dht.message.OneWayPingMessage,true,2,2,4>6>8,4>6>8
2641,0,3,0.149654,class peersim.dht.message.OneWayPingMessage,true,3,3,0>5>7>3,0>5>7>3
2642,6,6,0.718222,class peersim.dht.message.OneWayPingMessage,false,6,0,7>8>6>8>6>8>6,6
2643,9,1,0.975288,class peersim.dht.message.OneWayPingMessage,true,1,1,9>1,9>1
2644,6,6,0.433910,class peersim.dht.message.OneWayPingMessage,false,4,0,6>8>6>8>6,6
2645,3,5,0.244975,class peersim.dht.message.OneWayPingMessage,true,2,2,3>7>5,3>7>5
2646,0,3,0.149654,class peersim.dht.message.OneWayPingMessage,true,3,3,0>5>7>3,0>5>7>3
2647,5,7,0.163455,class peersim.dht.message.OneWayPingMessage,true,1,1,5>7,5>7
2648,6,6,0.433910,class peersim.dht.message.OneWayPingMessage,false,6,0,7>8>6>8>6>8>6,6
2649,2,1,0.975288,class peersim.dht.message.OneWayPingMessage,true,2,2,2>0>1,2>0>1
2650,4,4,0.945257,class peersim.dht.message.OneWayPingMessage,false,6,0,6>1>4>1>4>1>4,4
2651,9,9,0.514105,class peersim.dht.message.OneWayPingMessage,false,6,0,5>0>9>0>9>0>9,9
2652,9,9,0.433910,class peersim.dht.message.OneWayPingMessage,true,0,0,9,9
2653,3,2,0.945257,class peersim.dht.message.OneWayPingMessage,true,2,2,3>8>2,3>8>2
2654,3,2,0.945257,class peersim.dht.message.OneWayPingMessage,true,2,2,3>8>2,3>8>2
2655,3,2,0.945257,class peersim.dht.message.OneWayPingMessage,true,2,2,3>8>2,3>8>2
2656,1,9,0.433910,class peersim.dht.message.OneWayPingMessage,true,1,1,1>9,1>9
2657,6,6,0.718222,class peersim.dht.message.OneWayPingMessage,false,6,0,7>8>6>8>6>8>6,6
2658,0,7,0.163455,class peersim.dht.message.OneWayPingMessage,true,2,2,0>5>7,0>5>7
2659,4,3,0.149654,class peersim.dht.message.OneWayPingMessage,true,3,3,4>6>8>3,4>6>8>3
2660,8,3,0.149654,class peersim.dht.message.OneWayPingMessage,true,1,1,8>3,8>3
2661,5,5,0.244975,class peersim.dht.message.OneWayPingMessage,true,0,0,5,5
2662,2,6,0.514105,class peersim.dht.message.OneWayPingMessage,true,2,2,2>8>6,2>8>6
2663,0,5,0.244975,class peersim.dht.message.OneWayPingMessage,true,1,1,0>5,0>5
2664,4,4,0.945257,class peersim.dht.message.OneWayPingMessage,false,4,0,4>1>4>1>4,4
2665,0,0,0.901112,class peersim.dht.message.OneWayPingMessage,false,6,0,8>2>0>2>0>2>0,0
2666,1,8,0.580265,class peersim.dht.message.OneWayPingMessage,true,2,2,1>6>8,1>6>8
2667,3,3,0.149654,class peersim.dht.message.OneWayPingMessage,true,0,0,3,3
2668,9,7,0.163455,class peersim.dht.message.OneWayPingMessage,true,3,3,9>0>5>7,9>0>5>7
2669,1,1,0.975288,class peersim.dht.message.OneWayPingMessage,true,0,0,1,1
2670,9,3,0.149654,class peersim.dht.message.OneWayPingMessage,true,4,4,9>0>5>7>3,9>0>5>7>3
2671,0,9,0.433910,class peersim.dht.message.OneWayPingMessage,true,1,1,0>9,0>9
2672,9,4,0.901112,class peersim.dht.message.OneWayPingMessage,true,2,2,9>1>4,9>1>4
2673,2,3,0.149654,class peersim.dht.message.OneWayPingMessage,true,2,2,2>8>3,2>8>3
2674,6,6,0.514105,class peersim.dht.message.OneWayPingMessage,true,0,0,6,6
2675,4,6,0.514105,class peersim.dht.message.OneWayPingMessage,true,1,1,4>6,4>6
2676,1,6,0.514105,class peersim.dht.message.OneWayPingMessage,true,1,1,1>6,1>6
2677,2,0,0.718222,class peersim.dht.message.OneWayPingMessage,true,1,1,2>0,2>0
2678,4,6,0.514105,class peersim.dht.message.OneWayPingMessage,true,1,1,4>6,4>6
2679,8,8,0.718222,class peersim.dht.message.OneWayPingMessage,false,6,0,4>6>8>6>8>6>8,8
2680,0,7,0.163455,class peersim.dht.message.OneWayPingMessage,true,2,2,0>5>7,0>5>7
2681,6,6,0.433910,class peersim.dht.message.OneWayPingMessage,false,4,0,6>8>6>8>6,6
2682,8,8,0.580265,class peersim.dht.message.OneWayPingMessage,true,0,0,8,8
2683,5,0,0.718222,class peersim.dht.message.OneWayPingMessage,true,1,1,5>0,5>0
2684,7,3,0.149654,class peersim.dht.message.OneWayPingMessage,true,1,1,7>3,7>3
2685,6,4,0.901112,class peersim.dht.message.OneWayPingMessage,true,1,1,6>4,6>4
2686,6,6,0.433910,class peersim.dht.message.OneWayPingMessage,false,4,0,6>8>6>8>6,6
2687,6,6,0.718222,class peersim.dht.message.OneWayPingMessage,false,6,0,7>8>6>8>6>8>6,6
2688,7,6,0.514105,class peersim.dht.message.OneWayPingMessage,true,2,2,7>8>6,7>8>6
2689,4,5,0.244975,class peersim.dht.message.OneWayPingMessage,true,4,4,4>6>8>7>5,4>6>8>7>5
2690,2,2,0.945257,class peersim.dht.message.OneWayPingMessage,true,0,0,2,2
2691,8,7,0.163455,class peersim.dht.message.OneWayPingMessage,true,1,1,8>7,8>7
2692,9,3,0.149654,class peersim.dht.message.OneWayPingMessage,true,4,4,9>0>5>7>3,9>0>5>7>3
2693,2,1,0.975288,class peersim.dht.message.OneWayPingMessage,true,2,2,2>0>1,2>0>1
2694,7,7,0.163455,class peersim.dht.message.OneWayPingMessage,true,0,0,7,7
2695,5,5,0.244975,class peersim.dht.message.OneWayPingMessage,true,0,0,5,5
2696,7,3,0.149654,class peersim.dht.message.OneWayPingMessage,true,1,1,7>3,7>3
2697,3,1,0.975288,class peersim.dht.message.OneWayPingMessage,true,4,4,3>8>2>0>1,3>8>2>0>1
2698,1,7,0.163455,class peersim.dht.message.OneWayPingMessage,true,1,1,1>7,1>7
2699,7,4,0.901112,class peersim.dht.message.OneWayPingMessage,true,2,2,7>1>4,7>1>4
2700,5,0,0.718222,class peersim.dht.message.OneWayPingMessage,true,1,1,5>0,5>0
2701,7,3,0.149654,class peersim.dht.message.OneWayPingMessage,true,1,1,7>3,7>3
2702,6,6,0.433910,class peersim.dht.message.OneWayPingMessage,false,6,0,7>8>6>8>6>8>6,6
2703,6,6,0.433910,class peersim.dht.message.OneWayPingMessage,false,6,0,3>8>6>8>6>8>6,6
2704,0,0,0.901112,class peersim.dht.message.OneWayPingMessage,false,4,0,0>2>0>2>0,0
2705,8,8,0.433910,class peersim.dht.message.OneWayPingMessage,false,4,0,8>6>8>6>8,8
2706,9,9,0.433910,class peersim.dht.message.OneWayPingMessage,true,0,0,9,9
2707,9,7,0.163455,class peersim.dht.message.OneWayPingMessage,true,3,3,9>0>5>7,9>0>5>7
2708,5,0,0.718222,class peersim.dht.message.OneWayPingMessage,true,1,1,5>0,5>0
2709,5,1,0.975288,class peersim.dht.message.OneWayPingMessage,true,1,1,5>1,5>1
2710,5,5,0.244975,class peersim.dht.message.OneWayPingMessage,true,0,0,5,5
2711,4,1,0.975288,class peersim.dht.message.OneWayPingMessage,true,1,1,4>1,4>1
2712,9,9,0.514105,class peersim.dht.message.OneWayPingMessage,false,4,0,9>0>9>0>9,9
2713,4,4,0.945257,class peersim.dht.message.OneWayPingMessage,false,6,0,6>1>4>1>4>1>4,4
2714,4,4,0.945257,class peersim.dht.message.OneWayPingMessage,false,6,0,7>1>4>1>4>1>4,4
2715,8,8,0.433910,class peersim.dht.message.OneWayPingMessage,false,8,0,5>7>8>6>8>6>8>6>8,8
2716,7,3,0.149654,class peersim.dht.message.OneWayPingMessage,true,1,1,7>3,7>3
2717,5,3,0.149654,class peersim.dht.message.OneWayPingMessage,true,2,2,5>7>3,5>7>3
2718,0,5,0.244975,class peersim.dht.message.OneWayPingMessage,true,1,1,0>5,0>5
2719,6,6,0.433910,class peersim.dht.message.OneWayPingMessage,false,6,0,2>8>6>8>6>8>6,6
2720,4,4,0.945257,class peersim.dht.message.OneWayPingMessage,false,6,0,9>1>4>1>4>1>4,4
2721,0,0,0.901112,class peersim.dht.message.OneWayPingMessage,false,4,0,0>2>0>2>0,0
2722,2,0,0.718222,class peersim.dht.message.OneWayPingMessage,true,1,1,2>0,2>0
2723,3,1,0.975288,class peersim.dht.message.OneWayPingMessage,true,4,4,3>8>2>0>1,3>8>2>0>1
2724,2,3,0.149654,class peersim.dht.message.OneWayPingMessage,true,2,2,2>8>3,2>8>3
2725,8,1,0.975288,class peersim.dht.message.OneWayPingMessage,true,3,3,8>2>0>1,8>2>0>1
2726,4,7,0.163455,class peersim.dht.message.OneWayPingMessage,true,3,3,4>6>8>7,4>6>8>7
2727,4,4,0.945257,class peersim.dht.message.OneWayPingMessage,false,4,0,4>1>4>1>4,4
2728,6,3,0.149654,class peersim.dht.message.OneWayPingMessage,true,2,2,6>8>3,6>8>3
2729,1,1,0.975288,class peersim.dht.message.OneWayPingMessage,true,0,0,1,1
2730,7,6,0.514105,class peersim.dht.message.OneWayPingMessage,true,2,2,7>8>6,7>8>6
2731,6,6,0.514105,class peersim.dht.message.OneWayPingMessage,true,0,0,6,6
2732,4,4,0.945257,class peersim.dht.message.OneWayPingMessage,false,6,0,9>1>4>1>4>1>4,4
2733,9,7,0.163455,class peersim.dht.message.OneWayPingMessage,true,3,3,9>0>5>7,9>0>5>7
2734,4,3,0.149654,class peersim.dht.message.OneWayPingMessage,true,3,3,4>6>8>3,4>6>8>3
2735,2,2,0.945257,class peersim.dht.message.OneWayPingMessage,true,0,0,2,2
2736,5,7,0.163455,class peersim.dht.message.OneWayPingMessage,true,1,1,5>7,5>7
2737,9,0,0.718222,class peersim.dht.message.OneWayPingMessage,true,1,1,9>0,9>0
2738,4,7,0.163455,class peersim.dht.message.OneWayPingMessage,true,3,3,4>6>8>7,4>6>8>7
2739,8,8,0.433910,class peersim.dht.message.OneWayPingMessage,false,4,0,8>6>8>6>8,8
2740,6,7,0.163455,class peersim.dht.message.OneWayPingMessage,true,2,2,6>8>7,6>8>7
2741,0,2,0.945257,class peersim.dht.message.OneWayPingMessage,true,1,1,0>2,0>2
2742,6,6,0.514105,class peersim.dht.message.OneWayPingMessage,true,0,0,6,6
2743,9,9,0.580265,class peersim.dht.message.OneWayPingMessage,false,4,0,9>0>9>0>9,9
2744,6,1,0.975288,class peersim.dht.message.OneWayPingMessage,true,1,1,6>1,6>1
2745,9,9,0.580265,class peersim.dht.message.OneWayPingMessage,false,6,0,5>0>9>0>9>0>9,9
2746,2,2,0.901112,class peersim.dht.message.OneWayPingMessage,false,4,0,2>0>2>0>2,2
2747,6,3,0.149654,class peersim.dht.message.OneWayPingMessage,true,2,2,6>8>3,6>8>3
2748,4,4,0.901112,class peersim.dht.message.OneWayPingMessage,true,0,0,4,4
2749,5,7,0.163455,class peersim.dht.message.OneWayPingMessage,true,1,1,5>7,5>7
2750,9,9,0.514105,class peersim.dht.message.OneWayPingMessage,false,6,0,5>0>9>0>9>0>9,9
2751,8,8,0.580265,class peersim.dht.message.OneWayPingMessage,true,0,0,8,8
2752,6,1,0.975288,class peersim.dht.message.OneWayPingMessage,true,1,1,6>1,6>1
2753,5,7,0.163455,class peersim.dht.message.OneWayPingMessage,true,1,1,5>7,5>7
2754,0,3,0.149654,class peersim.dht.message.OneWayPingMessage,true,3,3,0>5>7>3,0>5>7>3
2755,9,1,0.975288,class peersim.dht.message.OneWayPingMessage,true,1,1,9>1,9>1
2756,3,8,0.580265,class peersim.dht.message.OneWayPingMessage,true,1,1,3>8,3>8
2757,6,4,0.901112,class peersim.dht.message.OneWayPingMessage,true,1,1,6>4,6>4
2758,6,3,0.149654,class peersim.dht.message.OneWayPingMessage,true,2,2,6>8>3,6>8>3
2759,4,6,0.514105,class peersim.dht.message.OneWayPingMessage,true,1,1,4>6,4>6
2760,9,5,0.244975,class peersim.dht.message.OneWayPingMessage,true,2,2,9>0>5,9>0>5
2761,0,0,0.580265,class peersim.dht.message.OneWayPingMessage,false,4,0,0>9>0>9>0,0
2762,0,0,0.580265,class peersim.dht.message.OneWayPingMessage,false,4,0,0>9>0>9>0,0
2763,2,1,0.975288,class peersim.dht.message.OneWayPingMessage,true,2,2,2>0>1,2>0>1
2764,0,7,0.163455,class peersim.dht.message.OneWayPingMessage,true,2,2,0>5>7,0>5>7
2765,1,7,0.163455,class peersim.dht.message.OneWayPingMessage,true,1,1,1>7,1>7
2766,6,6,0.433910,class peersim.dht.message.OneWayPingMessage,false,6,0,2>8>6>8>6>8>6,6
2767,2,6,0.514105,class peersim.dht.message.OneWayPingMessage,true,2,2,2>8>6,2>8>6
2768,1,1,0.945257,class peersim.dht.message.OneWayPingMessage,false,4,0,1>4>1>4>1,1
2769,6,6,0.514105,class peersim.dht.message.OneWayPingMessage,true,0,0,6,6
2770,3,1,0.975288,class peersim.dht.message.OneWayPingMessage,true,4,4,3>8>2>0>1,3>8>2>0>1
2771,9,9,0.580265,class peersim.dht.message.OneWayPingMessage,false,6,0,5>0>9>0>9>0>9,9
2772,8,6,0.514105,class peersim.dht.message.OneWayPingMessage,true,1,1,8>6,8>6
2773,7,7,0.163455,class peersim.dht.message.OneWayPingMessage,true,0,0,7,7
2774,2,7,0.163455,class peersim.dht.message.OneWayPingMessage,true,2,2,2>8>7,2>8>7
2775,6,3,0.149654,class peersim.dht.message.OneWayPingMessage,true,2,2,6>8>3,6>8>3
2776,7,7,0.163455,class peersim.dht.message.OneWayPingMessage,true,0,0,7,7
2777,8,8,0.580265,class peersim.dht.message.OneWayPingMessage,true,0,0,8,8
2778,9,4,0.901112,class peersim.dht.message.OneWayPingMessage,true,2,2,9>1>4,9>1>4
2779,8,5,0.244975,class peersim.dht.message.OneWayPingMessage,true,2,2,8>7>5,8>7>5
2780,1,3,0.149654,class peersim.dht.message.OneWayPingMessage,true,2,2,1>7>3,1>7>3
2781,8,8,0.580265,class peersim.dht.message.OneWayPingMessage,true,0,0,8,8
2782,0,1,0.975288,class peersim.dht.message.OneWayPingMessage,true,1,1,0>1,0>1
2783,5,4,0.901112,class peersim.dht.message.OneWayPingMessage,true,2,2,5>1>4,5>1>4
2784,5,3,0.149654,class peersim.dht.message.OneWayPingMessage,true,2,2,5>7>3,5>7>3
2785,0,1,0.975288,class peersim.dht.message.OneWayPingMessage,true,1,1,0>1,0>1
2786,2,6,0.514105,class peersim.dht.message.OneWayPingMessage,true,2,2,2>8>6,2>8>6
2787,7,4,0.901112,class peersim.dht.message.OneWayPingMessage,true,2,2,7>1>4,7>1>4
2788,8,8,0.433910,class peersim.dht.message.OneWayPingMessage,false,8,0,5>7>8>6>8>6>8>6>8,8
2789,1,3,0.149654,class peersim.dht.message.OneWayPingMessage,true,2,2,1>7>3,1>7>3
2790,9,5,0.244975,class peersim.dht.message.OneWayPingMessage,true,2,2,9>0>5,9>0>5
2791,7,6,0.514105,class peersim.dht.message.OneWayPingMessage,true,2,2,7>8>6,7>8>6
2792,2,7,0.163455,class peersim.dht.message.OneWayPingMessage,true,2,2,2>8>7,2>8>7
2793,6,3,0.149654,class peersim.dht.message.OneWayPingMessage,true,2,2,6>8>3,6>8>3
2794,8,6,0.514105,class peersim.dht.message.OneWayPingMessage,true,1,1,8>6,8>6
2795,9,3,0.149654,class peersim.dht.message.OneWayPingMessage,true,4,4,9>0>5>7>3,9>0>5>7>3
2796,9,4,0.901112,class peersim.dht.message.OneWayPingMessage,true,2,2,9>1>4,9>1>4
2797,5,0,0.718222,class peersim.dht.message.OneWayPingMessage,true,1,1,5>0,5>0
2798,9,7,0.163455,class peersim.dht.message.OneWayPingMessage,true,3,3,9>0>5>7,9>0>5>7
2799,4,6,0.514105,class peersim.dht.message.OneWayPingMessage,true,1,1,4>6,4>6
2800,8,8,0.580265,class peersim.dht.message.OneWayPingMessage,true,0,0,8,8
2801,2,5,0.244975,class peersim.dht.message.OneWayPingMessage,true,3,3,2>8>7>5,2>8>7>5
2802,2,2,0.945257,class peersim.dht.message.OneWayPingMessage,true,0,0,2,2
2803,6,7,0.163455,class peersim.dht.message.OneWayPingMessage,true,2,2,6>8>7,6>8>7
2804,8,2,0.945257,class peersim.dht.message.OneWayPingMessage,true,1,1,8>2,8>2
2805,8,8,0.433910,class peersim.dht.message.OneWayPingMessage,false,4,0,8>6>8>6>8,8
2806,1,3,0.149654,class peersim.dht.message.OneWayPingMessage,true,2,2,1>7>3,1>7>3
2807,2,5,0.244975,class peersim.dht.message.OneWayPingMessage,true,3,3,2>8>7>5,2>8>7>5
2808,6,4,0.901112,class peersim.dht.message.OneWayPingMessage,true,1,1,6>4,6>4
2809,6,6,0.433910,class peersim.dht.message.OneWayPingMessage,false,6,0,7>8>6>8>6>8>6,6
2810,2,2,0.901112,class peersim.dht.message.OneWayPingMessage,false,4,0,2>0>2>0>2,2
2811,6,5,0.244975,class peersim.dht.message.OneWayPingMessage,true,3,3,6>8>7>5,6>8>7>5
2812,7,8,0.580265,class peersim.dht.message.OneWayPingMessage,true,1,1,7>8,7>8
2813,5,3,0.149654,class peersim.dht.message.OneWayPingMessage,true,2,2,5>7>3,5>7>3
2814,9,9,0.433910,class peersim.dht.message.OneWayPingMessage,true,0,0,9,9
2815,9,9,0.433910,class peersim.dht.message.OneWayPingMessage,true,0,0,9,9
2816,4,6,0.514105,class peersim.dht.message.OneWayPingMessage,true,1,1,4>6,4>6
2817,8,1,0.975288,class peersim.dht.message.OneWayPingMessage,true,3,3,8>2>0>1,8>2>0>1
2818,2,2,0.901112,class peersim.dht.message.OneWayPingMessage,false,4,0,2>0>2>0>2,2
2819,0,1,0.975288,class peersim.dht.message.OneWayPingMessage,true,1,1,0>1,0>1
2820,2,1,0.975288,class peersim.dht.message.OneWayPingMessage,true,2,2,2>0>1,2>0>1
2821,6,6,0.718222,class peersim.dht.message.OneWayPingMessage,false,6,0,3>8>6>8>6>8>6,6
2822,8,8,0.718222,class peersim.dht.message.OneWayPingMessage,false,6,0,4>6>8>6>8>6>8,8
2823,4,1,0.975288,class peersim.dht.message.OneWayPingMessage,true,1,1,4>1,4>1
2824,7,1,0.975288,class peersim.dht.message.OneWayPingMessage,true,1,1,7>1,7>1
2825,4,3,0.149654,class peersim.dht.message.OneWayPingMessage,true,3,3,4>6>8>3,4>6>8>3
2826,1,4,0.901112,class peersim.dht.message.OneWayPingMessage,true,1,1,1>4,1>4
2827,7,7,0.163455,class peersim.dht.message.OneWayPingMessage,true,0,0,7,7
2828,5,4,0.901112,class peersim.dht.message.OneWayPingMessage,true,2,2,5>1>4,5>1>4
2829,6,3,0.149654,class peersim.dht.message.OneWayPingMessage,true,2,2,6>8>3,6>8>3
2830,0,0,0.718222,class peersim.dht.message.OneWayPingMessage,true,0,0,0,0
2831,6,6,0.433910,class peersim.dht.message.OneWayPingMessage,false,6,0,7>8>6>8>6>8>6,6
2832,6,8,0.580265,class peersim.dht.message.OneWayPingMessage,true,1,1,6>8,6>8
2833,5,4,0.901112,class peersim.dht.message.OneWayPingMessage,true,2,2,5>1>4,5>1>4
2834,3,1,0.975288,class peersim.dht.message.OneWayPingMessage,true,4,4,3>8>2>0>1,3>8>2>0>1
2835,5,4,0.901112,class peersim.dht.message.OneWayPingMessage,true,2,2,5>1>4,5>1>4
2836,7,7,0.163455,class peersim.dht.message.OneWayPingMessage,true,0,0,7,7
2837,3,1,0.975288,class peersim.dht.message.OneWayPingMessage,true,4,4,3>8>2>0>1,3>8>2>0>1
2838,2,2,0.901112,class peersim.dht.message.OneWayPingMessage,false,4,0,2>0>2>0>2,2
2839,4,4,0.945257,class peersim.dht.message.OneWayPingMessage,false,6,0,7>1>4>1>4>1>4,4
2840,6,7,0.163455,class peersim.dht.message.OneWayPingMessage,true,2,2,6>8>7,6>8>7
2841,0,7,0.163455,class peersim.dht.message.OneWayPingMessage,true,2,2,0>5>7,0>5>7
2842,9,9,0.433910,class peersim.dht.message.OneWayPingMessage,true,0,0,9,9
2843,2,3,0.149654,class peersim.dht.message.OneWayPingMessage,true,2,2,2>8>3,2>8>3
2844,7,3,0.149654,class peersim.dht.message.OneWayPingMessage,true,1,1,7>3,7>3
2845,9,5,0.244975,class peersim.dht.message.OneWayPingMessage,true,2,2,9>0>5,9>0>5
2846,4,4,0.945257,class peersim.dht.message.OneWayPingMessage,false,6,0,5>1>4>1>4>1>4,4
2847,1,5,0.244975,class peersim.dht.message.OneWayPingMessage,true,1,1,1>5,1>5
2848,0,0,0.514105,class peersim.dht.message.OneWayPingMessage,false,4,0,0>9>0>9>0,0
2849,0,0,0.718222,class peersim.dht.message.OneWayPingMessage,true,0,0,0,0
2850,4,4,0.901112,class peersim.dht.message.OneWayPingMessage,true,0,0,4,4
2851,0,0,0.514105,class peersim.dht.message.OneWayPingMessage,false,4,0,0>9>0>9>0,0
2852,2,5,0.244975,class peersim.dht.message.OneWayPingMessage,true,3,3,2>8>7>5,2>8>7>5
2853,1,7,0.163455,class peersim.dht.message.OneWayPingMessage,true,1,1,1>7,1>7
2854,6,7,0.163455,class peersim.dht.message.OneWayPingMessage,true,2,2,6>8>7,6>8>7
2855,4,4,0.901112,class peersim.dht.message.OneWayPingMessage,true,0,0,4,4
2856,0,3,0.149654,class peersim.dht.message.OneWayPingMessage,true,3,3,0>5>7>3,0>5>7>3
2857,7,4,0.901112,class peersim.dht.message.OneWayPingMessage,true,2,2,7>1>4,7>1>4
2858,2,2,0.945257,class peersim.dht.message.OneWayPingMessage,true,0,0,2,2
2859,6,6,0.433910,class peersim.dht.message.OneWayPingMessage,false,4,0,6>8>6>8>6,6
2860,4,4,0.945257,class peersim.dht.message.OneWayPingMessage,false,4,0,4>1>4>1>4,4
2861,8,7,0.163455,class peersim.dht.message.OneWayPingMessage,true,1,1,8>7,8>7
2862,8,3,0.149654,class peersim.dht.message.OneWayPingMessage,true,1,1,8>3,8>3
2863,1,3,0.149654,class peersim.dht.message.OneWayPingMessage,true,2,2,1>7>3,1>7>3
2864,7,7,0.163455,class peersim.dht.message.OneWayPingMessage,true,0,0,7,7
2865,7,3,0.149654,class peersim.dht.message.OneWayPingMessage,true,1,1,7>3,7>3
2866,7,4,0.901112,class peersim.dht.message.OneWayPingMessage,true,2,2,7>1>4,7>1>4
2867,9,5,0.244975,class peersim.dht.message.OneWayPingMessage,true,2,2,9>0>5,9>0>5
2868,9,5,0.244975,class peersim.dht.message.OneWayPingMessage,true,2,2,9>0>5,9>0>5
2869,4,4,0.901112,class peersim.dht.message.OneWayPingMessage,true,0,0,4,4
2870,2,2,0.945257,class peersim.dht.message.OneWayPingMessage,true,0,0,2,2
2871,9,9,0.514105,class peersim.dht.message.OneWayPingMessage,false,6,0,5>0>9>0>9>0>9,9
2872,3,7,0.163455,class peersim.dht.message.OneWayPingMessage,true,1,1,3>7,3>7
2873,5,3,0.149654,class peersim.dht.message.OneWayPingMessage,true,2,2,5>7>3,5>7>3
2874,5,5,0.244975,class peersim.dht.message.OneWayPingMessage,true,0,0,5,5
2875,6,6,0.718222,class peersim.dht.message.OneWayPingMessage,false,6,0,3>8>6>8>6>8>6,6
2876,4,5,0.244975,class peersim.dht.message.OneWayPingMessage,true,4,4,4>6>8>7>5,4>6>8>7>5
2877,5,0,0.718222,class peersim.dht.message.OneWayPingMessage,true,1,1,5>0,5>0
2878,5,4,0.901112,class peersim.dht.message.OneWayPingMessage,true,2,2,5>1>4,5>1>4
2879,0,1,0.975288,class peersim.dht.message.OneWayPingMessage,true,1,1,0>1,0>1
2880,0,0,0.901112,class peersim.dht.message.OneWayPingMessage,false,6,0,8>2>0>2>0>2>0,0
2881,3,6,0.514105,class peersim.dht.message.OneWayPingMessage,true,2,2,3>8>6,3>8>6
2882,4,8,0.580265,class peersim.dht.message.OneWayPingMessage,true,2,2,4>6>8,4>6>8
2883,2,8,0.580265,class peersim.dht.message.OneWayPingMessage,true,1,1,2>8,2>8
2884,7,6,0.514105,class peersim.dht.message.OneWayPingMessage,true,2,2,7>8>6,7>8>6
2885,9,9,0.580265,class peersim.dht.message.OneWayPingMessage,false,6,0,5>0>9>0>9>0>9,9
2886,1,0,0.718222,class peersim.dht.message.OneWayPingMessage,true,1,1,1>0,1>0
2887,9,9,0.514105,class peersim.dht.message.OneWayPingMessage,false,6,0,5>0>9>0>9>0>9,9
2888,0,7,0.163455,class peersim.dht.message.OneWayPingMessage,true,2,2,0>5>7,0>5>7
2889,2,5,0.244975,class peersim.dht.message.OneWayPingMessage,true,3,3,2>8>7>5,2>8>7>5
2890,5,0,0.718222,class peersim.dht.message.OneWayPingMessage,true,1,1,5>0,5>0
2891,6,3,0.149654,class peersim.dht.message.OneWayPingMessage,true,2,2,6>8>3,6>8>3
2892,7,1,0.975288,class peersim.dht.message.OneWayPingMessage,true,1,1,7>1,7>1
2893,9,5,0.244975,class peersim.dht.message.OneWayPingMessage,true,2,2,9>0>5,9>0>5
2894,5,5,0.244975,class peersim.dht.message.OneWayPingMessage,true,0,0,5,5
2895,4,4,0.945257,class peersim.dht.message.OneWayPingMessage,false,4,0,4>1>4>1>4,4
2896,2,0,0.718222,class peersim.dht.message.OneWayPingMessage,true,1,1,2>0,2>0
2897,8,8,0.433910,class peersim.dht.message.OneWayPingMessage,false,8,0,5>7>8>6>8>6>8>6>8,8
2898,8,8,0.433910,class peersim.dht.message.OneWayPingMessage,false,4,0,8>6>8>6>8,8
2899,7,6,0.514105,class peersim.dht.message.OneWayPingMessage,true,2,2,7>8>6,7>8>6
2900,2,5,0.244975,class peersim.dht.message.OneWayPingMessage,true,3,3,2>8>7>5,2>8>7>5
2901,0,0,0.514105,class peersim.dht.message.OneWayPingMessage,false,4,0,0>9>0>9>0,0
2902,2,5,0.244975,class peersim.dht.message.OneWayPingMessage,true,3,3,2>8>7>5,2>8>7>5
2903,2,2,0.901112,class peersim.dht.message.OneWayPingMessage,false,4,0,2>0>2>0>2,2
2904,4,7,0.163455,class peersim.dht.message.OneWayPingMessage,true,3,3,4>6>8>7,4>6>8>7
2905,3,1,0.975288,class peersim.dht.message.OneWayPingMessage,true,4,4,3>8>2>0>1,3>8>2>0>1
2906,8,8,0.718222,class peersim.dht.message.OneWayPingMessage,false,6,0,4>6>8>6>8>6>8,8
2907,5,4,0.901112,class peersim.dht.message.OneWayPingMessage,true,2,2,5>1>4,5>1>4
2908,6,4,0.901112,class peersim.dht.message.OneWayPingMessage,true,1,1,6>4,6>4
2909,9,1,0.975288,class peersim.dht.message.OneWayPingMessage,true,1,1,9>1,9>1
2910,1,0,0.718222,class peersim.dht.message.OneWayPingMessage,true,1,1,1>0,1>0
2911,8,1,0.975288,class peersim.dht.message.OneWayPingMessage,true,3,3,8>2>0>1,8>2>0>1
2912,6,6,0.433910,class peersim.dht.message.OneWayPingMessage,false,6,0,7>8>6>8>6>8>6,6
2913,0,0,0.580265,class peersim.dht.message.OneWayPingMessage,false,4,0,0>9>0>9>0,0
2914,2,2,0.945257,class peersim.dht.message.OneWayPingMessage,true,0,0,2,2
2915,0,0,0.580265,class peersim.dht.message.OneWayPingMessage,false,4,0,0>9>0>9>0,0
2916,4,6,0.514105,class peersim.dht.message.OneWayPingMessage,true,1,1,4>6,4>6
2917,4,3,0.149654,class peersim.dht.message.OneWayPingMessage,true,3,3,4>6>8>3,4>6>8>3
2918,3,8,0.580265,class peersim.dht.message.OneWayPingMessage,true,1,1,3>8,3>8
2919,2,6,0.514105,class peersim.dht.message.OneWayPingMessage,true,2,2,2>8>6,2>8>6
2920,8,6,0.514105,class peersim.dht.message.OneWayPingMessage,true,1,1,8>6,8>6
2921,2,3,0.149654,class peersim.dht.message.OneWayPingMessage,true,2,2,2>8>3,2>8>3
2922,9,1,0.975288,class peersim.dht.message.OneWayPingMessage,true,1,1,9>1,9>1
2923,6,1,0.975288,class peersim.dht.message.OneWayPingMessage,true,1,1,6>1,6>1
2924,6,3,0.149654,class peersim.dht.message.OneWayPingMessage,true,2,2,6>8>3,6>8>3
2925,5,7,0.163455,class peersim.dht.message.OneWayPingMessage,true,1,1,5>7,5>7
2926,4,6,0.514105,class peersim.dht.message.OneWayPingMessage,true,1,1,4>6,4>6
2927,0,9,0.433910,class peersim.dht.message.OneWayPingMessage,true,1,1,0>9,0>9
2928,0,0,0.718222,class peersim.dht.message.OneWayPingMessage,true,0,0,0,0
2929,4,4,0.901112,class peersim.dht.message.OneWayPingMessage,true,0,0,4,4
2930,8,3,0.149654,class peersim.dht.message.OneWayPingMessage,true,1,1,8>3,8>3
2931,9,3,0.149654,class peersim.dht.message.OneWayPingMessage,true,4,4,9>0>5>7>3,9>0>5>7>3
2932,1,5,0.244975,class peersim.dht.message.OneWayPingMessage,true,1,1,1>5,1>5
2933,1,6,0.514105,class peersim.dht.message.OneWayPingMessage,true,1,1,1>6,1>6
2934,9,9,0.514105,class peersim.dht.message.OneWayPingMessage,false,4,0,9>0>9>0>9,9
2935,0,0,0.580265,class peersim.dht.message.OneWayPingMessage,false,4,0,0>9>0>9>0,0
2936,6,6,0.433910,class peersim.dht.message.OneWayPingMessage,false,6,0,3>8>6>8>6>8>6,6
2937,1,4,0.901112,class peersim.dht.message.OneWayPingMessage,true,1,1,1>4,1>4
2938,4,8,0.580265,class peersim.dht.message.OneWayPingMessage,true,2,2,4>6>8,4>6>8
2939,8,8,0.718222,class peersim.dht.message.OneWayPingMessage,false,4,0,8>6>8>6>8,8
2940,6,6,0.433910,class peersim.dht.message.OneWayPingMessage,false,6,0,2>8>6>8>6>8>6,6
2941,1,8,0.580265,class peersim.dht.message.OneWayPingMessage,true,2,2,1>6>8,1>6>8
2942,0,0,0.901112,class peersim.dht.message.OneWayPingMessage,false,4,0,0>2>0>2>0,0
2943,2,2,0.901112,class peersim.dht.message.OneWayPingMessage,false,4,0,2>0>2>0>2,2
2944,5,4,0.901112,class peersim.dht.message.OneWayPingMessage,true,2,2,5>1>4,5>1>4
2945,9,3,0.149654,class peersim.dht.message.OneWayPingMessage,true,4,4,9>0>5>7>3,9>0>5>7>3
2946,5,0,0.718222,class peersim.dht.message.OneWayPingMessage,true,1,1,5>0,5>0
2947,8,7,0.163455,class peersim.dht.message.OneWayPingMessage,true,1,1,8>7,8>7
2948,2,1,0.975288,class peersim.dht.message.OneWayPingMessage,true,2,2,2>0>1,2>0>1
2949,0,0,0.514105,class peersim.dht.message.OneWayPingMessage,false,4,0,0>9>0>9>0,0
2950,7,6,0.514105,class peersim.dht.message.OneWayPingMessage,true,2,2,7>8>6,7>8>6
2951,4,3,0.149654,class peersim.dht.message.OneWayPingMessage,true,3,3,4>6>8>3,4>6>8>3
2952,9,9,0.514105,class peersim.dht.message.OneWayPingMessage,false,6,0,5>0>9>0>9>0>9,9
2953,8,8,0.433910,class peersim.dht.message.OneWayPingMessage,false,8,0,5>7>8>6>8>6>8>6>8,8
2954,8,2,0.945257,class peersim.dht.message.OneWayPingMessage,true,1,1,8>2,8>2
2955,7,8,0.580265,class peersim.dht.message.OneWayPingMessage,true,1,1,7>8,7>8
2956,0,3,0.149654,class peersim.dht.message.OneWayPingMessage,true,3,3,0>5>7>3,0>5>7>3
2957,7,7,0.163455,class peersim.dht.message.OneWayPingMessage,true,0,0,7,7
2958,7,4,0.901112,class peersim.dht.message.OneWayPingMessage,true,2,2,7>1>4,7>1>4
2959,6,6,0.718222,class peersim.dht.message.OneWayPingMessage,false,4,0,6>8>6>8>6,6
2960,6,1,0.975288,class peersim.dht.message.OneWayPingMessage,true,1,1,6>1,6>1
2961,7,4,0.901112,class peersim.dht.message.OneWayPingMessage,true,2,2,7>1>4,7>1>4
2962,1,4,0.901112,class peersim.dht.message.OneWayPingMessage,true,1,1,1>4,1>4
2963,4,8,0.580265,class peersim.dht.message.OneWayPingMessage,true,2,2,4>6>8,4>6>8
2964,6,6,0.718222,class peersim.dht.message.OneWayPingMessage,false,6,0,7>8>6>8>6>8>6,6
2965,3,3,0.149654,class peersim.dht.message.OneWayPingMessage,true,0,0,3,3
2966,4,4,0.945257,class peersim.dht.message.OneWayPingMessage,false,4,0,4>1>4>1>4,4
2967,8,1,0.975288,class peersim.dht.message.OneWayPingMessage,true,3,3,8>2>0>1,8>2>0>1
2968,1,7,0.163455,class peersim.dht.message.OneWayPingMessage,true,1,1,1>7,1>7
2969,4,4,0.945257,class peersim.dht.message.OneWayPingMessage,false,6,0,5>1>4>1>4>1>4,4
2970,6,1,0.975288,class peersim.dht.message.OneWayPingMessage,true,1,1,6>1,6>1
2971,6,6,0.718222,class peersim.dht.message.OneWayPingMessage,false,4,0,6>8>6>8>6,6
2972,1,4,0.901112,class peersim.dht.message.OneWayPingMessage,true,1,1,1>4,1>4
2973,4,4,0.945257,class peersim.dht.message.OneWayPingMessage,false,4,0,4>1>4>1>4,4
2974,8,8,0.718222,class peersim.dht.message.OneWayPingMessage,false,4,0,8>6>8>6>8,8
2975,1,4,0.901112,class peersim.dht.message.OneWayPingMessage,true,1,1,1>4,1>4
2976,9,9,0.514105,class peersim.dht.message.OneWayPingMessage,false,6,0,5>0>9>0>9>0>9,9
2977,2,3,0.149654,class peersim.dht.message.OneWayPingMessage,true,2,2,2>8>3,2>8>3
2978,6,6,0.433910,class peersim.dht.message.OneWayPingMessage,false,6,0,3>8>6>8>6>8>6,6
2979,4,7,0.163455,class peersim.dht.message.OneWayPingMessage,true,3,3,4>6>8>7,4>6>8>7
2980,8,2,0.945257,class peersim.dht.message.OneWayPingMessage,true,1,1,8>2,8>2
2981,4,6,0.514105,class peersim.dht.message.OneWayPingMessage,true,1,1,4>6,4>6
2982,4,4,0.945257,class peersim.dht.message.OneWayPingMessage,false,6,0,6>1>4>1>4>1>4,4
2983,7,8,0.580265,class peersim.dht.message.OneWayPingMessage,true,1,1,7>8,7>8
2984,9,9,0.580265,class peersim.dht.message.OneWayPingMessage,false,6,0,5>0>9>0>9>0>9,9
2985,5,3,0.149654,class peersim.dht.message.OneWayPingMessage,true,2,2,5>7>3,5>7>3
2986,0,0,0.901112,class peersim.dht.message.OneWayPingMessage,false,6,0,8>2>0>2>0>2>0,0
2987,8,8,0.718222,class peersim.dht.message.OneWayPingMessage,false,4,0,8>6>8>6>8,8
2988,3,8,0.580265,class peersim.dht.message.OneWayPingMessage,true,1,1,3>8,3>8
2989,0,0,0.514105,class peersim.dht.message.OneWayPingMessage,false,4,0,0>9>0>9>0,0
2990,6,6,0.433910,class peersim.dht.message.OneWayPingMessage,false,6,0,7>8>6>8>6>8>6,6
2991,6,8,0.580265,class peersim.dht.message.OneWayPingMessage,true,1,1,6>8,6>8
2992,3,6,0.514105,class peersim.dht.message.OneWayPingMessage,true,2,2,3>8>6,3>8>6
2993,9,9,0.514105,class peersim.dht.message.OneWayPingMessage,false,4,0,9>0>9>0>9,9
2994,6,6,0.718222,class peersim.dht.message.OneWayPingMessage,false,6,0,3>8>6>8>6>8>6,6
2995,9,3,0.149654,class peersim.dht.message.OneWayPingMessage,true,4,4,9>0>5>7>3,9>0>5>7>3
2996,8,8,0.718222,class peersim.dht.message.OneWayPingMessage,false,6,0,4>6>8>6>8>6>8,8
2997,1,4,0.901112,class peersim.dht.message.OneWayPingMessage,true,1,1,1>4,1>4
2998,1,9,0.433910,class peersim.dht.message.OneWayPingMessage,true,1,1,1>9,1>9
2999,3,5,0.244975,class peersim.dht.message.OneWayPingMessage,true,2,2,3>7>5,3>7>5
3000,4,1,0.975288,class peersim.dht.message.OneWayPingMessage,true,1,1,4>1,4>1
3001,4,7,0.163455,class peersim.dht.message.OneWayPingMessage,true,3,3,4>6>8>7,4>6>8>7
